case_uid,sequence,frame,routing_label,original_action,correct_action,mask_quality,identity_evidence,obs_gt,obs_purity,causal_role,class_relation,human_target_state,membership_target_state,joint_target_state,target_gt_counts,correct_rank,top1_minus_threshold,top1_top2_margin,future_views_30,future_views_suffix,native_self_heal,repair_primitive_inference
room0_large_r1_0033,6089,147,WRONG_NEW_FALSE_SPLIT,NEW,ATTACH_EXISTING,CLEAN_SINGLE_INSTANCE,SUFFICIENT_FOR_IDENTITY,13,0.9951006355932204,PENDING,UNKNOWN,NOT_APPLICABLE,,,null,1,-0.2948315858840942,0.22645211219787598,5,31,NOT_SELF_HEALED_NO_JOIN_TO_LEGAL_LINEAGE,DIRECT_REDIRECT_TO_VERIFIED_CLEAN_TARGET
room0_large_r1_0072,16809,342,SHOULD_HAVE_BEEN_NEW,ATTACH_EXISTING,NEW,CLEAN_SINGLE_INSTANCE,SUFFICIENT_FOR_IDENTITY,55,0.9463667820069204,CASCADE,DIFFERENT_CLASS,ALREADY_CONTAMINATED,CLEAN_SINGLE_INSTANCE,ALREADY_CONTAMINATED,"[{""value"": ""35"", ""count"": 45, ""fraction"": 1.0}]",,0.24845676422119145,0.093985915184021,7,9,NOT_SELF_HEALED_REMAINS_WITH_ORIGINAL_LINEAGE,BACKTRACK_OR_SPLIT_CONTAMINATED_TARGET_PLUS_PERSISTENT_NEW_BOUNDARY
room0_large_r1_0083,15762,326,SHOULD_HAVE_BEEN_NEW,ATTACH_EXISTING,NEW,CLEAN_SINGLE_INSTANCE,SUFFICIENT_FOR_IDENTITY,5,0.9913644214162349,CASCADE,UNKNOWN,ALREADY_CONTAMINATED,ALREADY_CONTAMINATED,ALREADY_CONTAMINATED,"[{""value"": ""77"", ""count"": 222, ""fraction"": 0.5298329355608592}, {""value"": ""5"", ""count"": 197, ""fraction"": 0.4701670644391408}]",,0.6744683265686036,0.756069540977478,8,15,NOT_SELF_HEALED_REMAINS_WITH_ORIGINAL_LINEAGE,BACKTRACK_OR_SPLIT_CONTAMINATED_TARGET_PLUS_PERSISTENT_NEW_BOUNDARY
room0_large_r1_0085,16561,339,SHOULD_HAVE_BEEN_NEW,ATTACH_EXISTING,NEW,CLEAN_SINGLE_INSTANCE,SUFFICIENT_FOR_IDENTITY,8,0.9860917941585535,CASCADE,UNKNOWN,ALREADY_CONTAMINATED,ALREADY_CONTAMINATED,ALREADY_CONTAMINATED,"[{""value"": ""9"", ""count"": 352, ""fraction"": 0.6089965397923875}, {""value"": ""8"", ""count"": 221, ""fraction"": 0.38235294117647056}, {""value"": ""18"", ""count"": 3, ""fraction"": 0.005190311418685121}, {""value"": ""71"", ""count"": 2, ""fraction"": 0.0034602076124567475}]",,0.6310506343841553,0.7499619722366333,2,2,NOT_SELF_HEALED_REMAINS_WITH_ORIGINAL_LINEAGE,BACKTRACK_OR_SPLIT_CONTAMINATED_TARGET_PLUS_PERSISTENT_NEW_BOUNDARY
room0_large_r1_0089,4403,109,WRONG_NEW_FALSE_SPLIT,NEW,ATTACH_EXISTING,CLEAN_SINGLE_INSTANCE,SUFFICIENT_FOR_IDENTITY,9,1.0,CASCADE,UNKNOWN,NOT_APPLICABLE,,,null,1,-0.15476233959197994,0.2596186399459839,4,38,SELF_HEALED_TOPOLOGY_ONLY_FINAL_OWNER_CONTAMINATED_OR_UNCERTAIN,SPLIT_CONTAMINATED_CANDIDATE_THEN_REDIRECT_OR_REUNIFY
room0_large_r1_0114,10849,231,SHOULD_HAVE_BEEN_NEW,ATTACH_EXISTING,NEW,CLEAN_SINGLE_INSTANCE,SUFFICIENT_FOR_IDENTITY,24,0.992638036809816,CASCADE,UNKNOWN,ALREADY_CONTAMINATED,ALREADY_CONTAMINATED,ALREADY_CONTAMINATED,"[{""value"": ""59"", ""count"": 47, ""fraction"": 0.5108695652173914}, {""value"": ""24"", ""count"": 40, ""fraction"": 0.43478260869565216}, {""value"": ""12"", ""count"": 5, ""fraction"": 0.05434782608695652}]",,0.5558864355087281,0.764248251914978,,,NOT_SELF_HEALED_REMAINS_WITH_ORIGINAL_LINEAGE,BACKTRACK_OR_SPLIT_CONTAMINATED_TARGET_PLUS_PERSISTENT_NEW_BOUNDARY
room0_large_r1_0143,15562,324,SHOULD_HAVE_BEEN_NEW,ATTACH_EXISTING,NEW,CLEAN_SINGLE_INSTANCE,SUFFICIENT_FOR_IDENTITY,8,0.9949103784023013,ROOT,UNKNOWN,CLEAN_SINGLE_INSTANCE,ALREADY_CONTAMINATED,ALREADY_CONTAMINATED,"[{""value"": ""9"", ""count"": 336, ""fraction"": 0.6142595978062158}, {""value"": ""8"", ""count"": 206, ""fraction"": 0.376599634369287}, {""value"": ""18"", ""count"": 3, ""fraction"": 0.005484460694698354}, {""value"": ""71"", ""count"": 2, ""fraction"": 0.003656307129798903}]",,0.6772459030151368,0.7770847082138062,4,4,NOT_SELF_HEALED_REMAINS_WITH_ORIGINAL_LINEAGE,BACKTRACK_OR_SPLIT_CONTAMINATED_TARGET_PLUS_PERSISTENT_NEW_BOUNDARY
room0_large_r1_0169,8099,183,WRONG_NEW_FALSE_SPLIT,NEW,ATTACH_EXISTING,CLEAN_SINGLE_INSTANCE,SUFFICIENT_FOR_IDENTITY,86,0.9975388271238225,ROOT,UNKNOWN,NOT_APPLICABLE,,,null,1,-0.11216993331909175,0.2110065221786499,2,7,SELF_HEALED_TOPOLOGY_ONLY_FINAL_OWNER_CONTAMINATED_OR_UNCERTAIN,SPLIT_CONTAMINATED_CANDIDATE_THEN_REDIRECT_OR_REUNIFY
v2_r2_001,12493,266,WRONG_NEW_FALSE_SPLIT,NEW,ATTACH_EXISTING,CLEAN_SINGLE_INSTANCE,SUFFICIENT_FOR_IDENTITY,60,0.9983279678570537,ROOT,UNKNOWN,NOT_APPLICABLE,,,null,12,-0.32629890441894527,0.11948966979980469,0,0,NOT_SELF_HEALED_NO_JOIN_TO_LEGAL_LINEAGE,DIRECT_REDIRECT_TO_VERIFIED_CLEAN_TARGET
v2_r2_005,10066,217,WRONG_ATTACH_EXISTING,ATTACH_EXISTING,ATTACH_EXISTING,CLEAN_SINGLE_INSTANCE,SUFFICIENT_FOR_IDENTITY,86,0.9644748455428067,CASCADE,DIFFERENT_CLASS,CLEAN_SINGLE_INSTANCE,ALREADY_CONTAMINATED,ALREADY_CONTAMINATED,"[{""value"": ""32"", ""count"": 90, ""fraction"": 0.967741935483871}, {""value"": ""86"", ""count"": 3, ""fraction"": 0.03225806451612903}]",19,0.6690242767333985,0.05011415481567383,0,10,NOT_SELF_HEALED_NO_JOIN_TO_LEGAL_LINEAGE,EXTRACT_PRIOR_SAME_ID_TO_TEMP_CLUSTER_AND_DELAY_LEGAL_COMMIT
v2_r2_007,6039,145,WRONG_NEW_FALSE_SPLIT,NEW,ATTACH_EXISTING,BORDERLINE_SINGLE_INSTANCE,SUFFICIENT_FOR_IDENTITY,77,0.9859443631039532,ROOT,UNKNOWN,NOT_APPLICABLE,,,null,2,-0.44442183971405025,0.03330713510513306,5,41,SELF_HEALED_TOPOLOGY_ONLY_FINAL_OWNER_CONTAMINATED_OR_UNCERTAIN,SPLIT_CONTAMINATED_CANDIDATE_THEN_REDIRECT_OR_REUNIFY
v2_r2_010,10006,216,WRONG_ATTACH_EXISTING,ATTACH_EXISTING,ATTACH_EXISTING,CLEAN_SINGLE_INSTANCE,SUFFICIENT_FOR_IDENTITY,86,0.9699453551912568,ROOT,DIFFERENT_CLASS,CLEAN_SINGLE_INSTANCE,ALREADY_CONTAMINATED,ALREADY_CONTAMINATED,"[{""value"": ""32"", ""count"": 89, ""fraction"": 0.978021978021978}, {""value"": ""86"", ""count"": 2, ""fraction"": 0.02197802197802198}]",2,0.6278459310531617,0.06676018238067627,1,8,NOT_SELF_HEALED_NO_JOIN_TO_LEGAL_LINEAGE,EXTRACT_PRIOR_SAME_ID_TO_TEMP_CLUSTER_AND_DELAY_LEGAL_COMMIT
v2_r2_011,14199,299,SHOULD_HAVE_BEEN_NEW,ATTACH_EXISTING,NEW,CLEAN_SINGLE_INSTANCE,SUFFICIENT_FOR_IDENTITY,10,0.9378612716763006,ROOT,DIFFERENT_CLASS,CLEAN_SINGLE_INSTANCE,ALREADY_CONTAMINATED,ALREADY_CONTAMINATED,"[{""value"": ""92"", ""count"": 50, ""fraction"": 0.5376344086021505}, {""value"": ""10"", ""count"": 43, ""fraction"": 0.46236559139784944}]",,0.4953392028808594,0.1855994462966919,1,2,NOT_SELF_HEALED_REMAINS_WITH_ORIGINAL_LINEAGE,BACKTRACK_TO_SEGMENTATION_ROOT_SPLIT_OBSERVATION_QUARANTINE_AND_REPLAY
v2_r2_013,11993,253,SHOULD_HAVE_BEEN_NEW,ATTACH_EXISTING,NEW,CLEAN_SINGLE_INSTANCE,SUFFICIENT_FOR_IDENTITY,19,0.9911390894444776,ROOT,SAME_CLASS,CLEAN_SINGLE_INSTANCE,ALREADY_CONTAMINATED,ALREADY_CONTAMINATED,"[{""value"": ""15"", ""count"": 108, ""fraction"": 0.8181818181818182}, {""value"": ""19"", ""count"": 24, ""fraction"": 0.18181818181818182}]",,0.6500906229019165,0.9714471101760864,1,2,NOT_SELF_HEALED_REMAINS_WITH_ORIGINAL_LINEAGE,BACKTRACK_TO_SEGMENTATION_ROOT_SPLIT_OBSERVATION_QUARANTINE_AND_REPLAY
