case_id,scene_id,family,subtype,predicted_label,gt_label,scale,verdict,verdict_reason,baseline_predicted_objects,current_predicted_objects,baseline_object_precision_iou0p25,baseline_object_recall_iou0p25,baseline_object_f1_iou0p25,baseline_mean_maximum_purity,baseline_mean_maximum_coverage,baseline_semantic_accuracy_hungarian_positive,current_object_precision_iou0p25,current_object_recall_iou0p25,current_object_f1_iou0p25,current_mean_maximum_purity,current_mean_maximum_coverage,current_semantic_accuracy_hungarian_positive,delta_object_precision_iou0p25,delta_object_recall_iou0p25,delta_object_f1_iou0p25,delta_mean_maximum_purity,delta_mean_maximum_coverage,delta_semantic_accuracy_hungarian_positive
A01_room0,room0,association,A_false_merge_observation_identity,book,,voxel0p025,degraded,F1 or mean purity degraded,72,73,0.1111111111111111,0.08791208791208792,0.09815950920245399,0.6561278411549186,0.3909500590459881,0.125,0.1095890410958904,0.08791208791208792,0.0975609756097561,0.6607150959572285,0.3909500590459881,0.125,-0.0015220700152207,0.0,-0.0005985335926978891,0.004587254802309926,0.0,0.0
A01_room0,room0,association,A_false_merge_observation_identity,book,,voxel0p05,degraded,F1 or mean purity degraded,72,73,0.125,0.0989010989010989,0.11042944785276074,0.7180991968419969,0.4299832397143611,0.125,0.1232876712328767,0.0989010989010989,0.10975609756097561,0.723027922513686,0.4299832397143611,0.125,-0.0017123287671232945,0.0,-0.000673350291785127,0.004928725671689116,0.0,0.0
A01_room0,room0,association,A_false_merge_observation_identity,book,,voxel0p10,degraded,F1 or mean purity degraded,72,73,0.18055555555555555,0.14285714285714285,0.15950920245398773,0.7537232909272749,0.452079604790914,0.125,0.1780821917808219,0.14285714285714285,0.15853658536585366,0.7581771231966955,0.452079604790914,0.125,-0.0024733637747336445,0.0,-0.0009726170881340646,0.004453832269420643,0.0,0.0
A02_room0,room0,association,A_false_split_observation_identity,ceiling,unknown,voxel0p025,improved,F1 improved without mean-purity loss,72,64,0.1111111111111111,0.08791208791208792,0.09815950920245399,0.6561278411549186,0.3909500590459881,0.125,0.125,0.08791208791208792,0.1032258064516129,0.7018847401745054,0.3915644048865417,0.125,0.013888888888888895,0.0,0.005066297249158913,0.045756899019586794,0.0006143458405535873,0.0
A02_room0,room0,association,A_false_split_observation_identity,ceiling,unknown,voxel0p05,improved,F1 improved without mean-purity loss,72,64,0.125,0.0989010989010989,0.11042944785276074,0.7180991968419969,0.4299832397143611,0.125,0.15625,0.10989010989010989,0.12903225806451613,0.7650394987411917,0.43070516641521317,0.125,0.03125,0.010989010989010992,0.01860281021175539,0.04694030189919485,0.0007219267008520824,0.0
A02_room0,room0,association,A_false_split_observation_identity,ceiling,unknown,voxel0p10,improved,F1 improved without mean-purity loss,72,64,0.18055555555555555,0.14285714285714285,0.15950920245398773,0.7537232909272749,0.452079604790914,0.125,0.21875,0.15384615384615385,0.18064516129032257,0.8024545570024693,0.4528917967142171,0.125,0.03819444444444445,0.010989010989011005,0.021135958836334845,0.0487312660751944,0.0008121919233030628,0.0
A03_office0,office0,association,A_false_split_observation_identity,picture,chair,voxel0p025,degraded,F1 or mean purity degraded,35,28,0.05714285714285714,0.038461538461538464,0.04597701149425287,0.5564353960705667,0.5156931803477698,0.14285714285714285,0.10714285714285714,0.057692307692307696,0.075,0.53735342935597,0.5178998575201206,0.2,0.049999999999999996,0.019230769230769232,0.029022988505747124,-0.01908196671459672,0.0022066771723507905,0.05714285714285716
A03_office0,office0,association,A_false_split_observation_identity,picture,chair,voxel0p05,degraded,F1 or mean purity degraded,35,28,0.08571428571428572,0.057692307692307696,0.06896551724137931,0.5917570178861602,0.5699704440443539,0.2857142857142857,0.10714285714285714,0.057692307692307696,0.075,0.5668693544152683,0.5724048265218216,0.16666666666666666,0.021428571428571422,0.0,0.006034482758620688,-0.024887663470891885,0.0024343824774676337,-0.11904761904761904
A03_office0,office0,association,A_false_split_observation_identity,picture,chair,voxel0p10,degraded,F1 or mean purity degraded,35,28,0.11428571428571428,0.07692307692307693,0.09195402298850575,0.6235815198429724,0.5871810052084496,0.2857142857142857,0.14285714285714285,0.07692307692307693,0.1,0.5926413681250601,0.5901076572506816,0.3333333333333333,0.028571428571428567,0.0,0.00804597701149426,-0.030940151717912312,0.0029266520422319697,0.047619047619047616
S01_office0,office0,semantic,S3_ontology_or_unknown_mismatch,speaker,vent,voxel0p025,no_effect,semantic accuracy unchanged,35,35,0.05714285714285714,0.038461538461538464,0.04597701149425287,0.5564353960705667,0.5156931803477698,0.14285714285714285,0.05714285714285714,0.038461538461538464,0.04597701149425287,0.5564353960705667,0.5156931803477698,0.14285714285714285,0.0,0.0,0.0,0.0,0.0,0.0
S01_office0,office0,semantic,S3_ontology_or_unknown_mismatch,speaker,vent,voxel0p05,no_effect,semantic accuracy unchanged,35,35,0.08571428571428572,0.057692307692307696,0.06896551724137931,0.5917570178861602,0.5699704440443539,0.2857142857142857,0.08571428571428572,0.057692307692307696,0.06896551724137931,0.5917570178861602,0.5699704440443539,0.2857142857142857,0.0,0.0,0.0,0.0,0.0,0.0
S01_office0,office0,semantic,S3_ontology_or_unknown_mismatch,speaker,vent,voxel0p10,no_effect,semantic accuracy unchanged,35,35,0.11428571428571428,0.07692307692307693,0.09195402298850575,0.6235815198429724,0.5871810052084496,0.2857142857142857,0.11428571428571428,0.07692307692307693,0.09195402298850575,0.6235815198429724,0.5871810052084496,0.2857142857142857,0.0,0.0,0.0,0.0,0.0,0.0
S02_room0,room0,semantic,S2_geometry_or_identity_confounded_label_mismatch,armchair,blinds,voxel0p025,improved,semantic accuracy improved with structure unchanged,72,72,0.1111111111111111,0.08791208791208792,0.09815950920245399,0.6561278411549186,0.3909500590459881,0.125,0.1111111111111111,0.08791208791208792,0.09815950920245399,0.6561278411549186,0.3909500590459881,0.16666666666666666,0.0,0.0,0.0,0.0,0.0,0.04166666666666666
S02_room0,room0,semantic,S2_geometry_or_identity_confounded_label_mismatch,armchair,blinds,voxel0p05,improved,semantic accuracy improved with structure unchanged,72,72,0.125,0.0989010989010989,0.11042944785276074,0.7180991968419969,0.4299832397143611,0.125,0.125,0.0989010989010989,0.11042944785276074,0.7180991968419969,0.4299832397143611,0.16666666666666666,0.0,0.0,0.0,0.0,0.0,0.04166666666666666
S02_room0,room0,semantic,S2_geometry_or_identity_confounded_label_mismatch,armchair,blinds,voxel0p10,improved,semantic accuracy improved with structure unchanged,72,72,0.18055555555555555,0.14285714285714285,0.15950920245398773,0.7537232909272749,0.452079604790914,0.125,0.18055555555555555,0.14285714285714285,0.15950920245398773,0.7537232909272749,0.452079604790914,0.16666666666666666,0.0,0.0,0.0,0.0,0.0,0.04166666666666666
S03_room0,room0,semantic,S2_geometry_or_identity_confounded_label_mismatch,closet door,cabinet,voxel0p025,improved,semantic accuracy improved with structure unchanged,72,72,0.1111111111111111,0.08791208791208792,0.09815950920245399,0.6561278411549186,0.3909500590459881,0.125,0.1111111111111111,0.08791208791208792,0.09815950920245399,0.6561278411549186,0.3909500590459881,0.16666666666666666,0.0,0.0,0.0,0.0,0.0,0.04166666666666666
S03_room0,room0,semantic,S2_geometry_or_identity_confounded_label_mismatch,closet door,cabinet,voxel0p05,improved,semantic accuracy improved with structure unchanged,72,72,0.125,0.0989010989010989,0.11042944785276074,0.7180991968419969,0.4299832397143611,0.125,0.125,0.0989010989010989,0.11042944785276074,0.7180991968419969,0.4299832397143611,0.16666666666666666,0.0,0.0,0.0,0.0,0.0,0.04166666666666666
S03_room0,room0,semantic,S2_geometry_or_identity_confounded_label_mismatch,closet door,cabinet,voxel0p10,improved,semantic accuracy improved with structure unchanged,72,72,0.18055555555555555,0.14285714285714285,0.15950920245398773,0.7537232909272749,0.452079604790914,0.125,0.18055555555555555,0.14285714285714285,0.15950920245398773,0.7537232909272749,0.452079604790914,0.16666666666666666,0.0,0.0,0.0,0.0,0.0,0.04166666666666666
P01_office0,office0,spurious,unsupported_prediction_all_three_scales,paper bag,,voxel0p025,improved,F1 improved without precision loss,35,34,0.05714285714285714,0.038461538461538464,0.04597701149425287,0.5564353960705667,0.5156931803477698,0.14285714285714285,0.058823529411764705,0.038461538461538464,0.046511627906976744,0.5728011430138187,0.5156931803477698,0.14285714285714285,0.001680672268907564,0.0,0.0005346164127238706,0.01636574694325199,0.0,0.0
P01_office0,office0,spurious,unsupported_prediction_all_three_scales,paper bag,,voxel0p05,improved,F1 improved without precision loss,35,34,0.08571428571428572,0.057692307692307696,0.06896551724137931,0.5917570178861602,0.5699704440443539,0.2857142857142857,0.08823529411764706,0.057692307692307696,0.06976744186046512,0.6091616360592826,0.5699704440443539,0.2857142857142857,0.0025210084033613495,0.0,0.0008019246190858059,0.017404618173122444,0.0,0.0
P01_office0,office0,spurious,unsupported_prediction_all_three_scales,paper bag,,voxel0p10,improved,F1 improved without precision loss,35,34,0.11428571428571428,0.07692307692307693,0.09195402298850575,0.6235815198429724,0.5871810052084496,0.2857142857142857,0.11764705882352941,0.07692307692307693,0.09302325581395349,0.6419221527795304,0.5871810052084496,0.2857142857142857,0.003361344537815128,0.0,0.0010692328254477412,0.018340632936557966,0.0,0.0
P02_room0,room0,spurious,unsupported_prediction_all_three_scales,lamp,,voxel0p025,improved,F1 improved without precision loss,72,71,0.1111111111111111,0.08791208791208792,0.09815950920245399,0.6561278411549186,0.3909500590459881,0.125,0.11267605633802817,0.08791208791208792,0.09876543209876543,0.6653690783542837,0.3909500590459881,0.125,0.0015649452269170666,0.0,0.0006059228963114366,0.009241237199365093,0.0,0.0
P02_room0,room0,spurious,unsupported_prediction_all_three_scales,lamp,,voxel0p05,improved,F1 improved without precision loss,72,71,0.125,0.0989010989010989,0.11042944785276074,0.7180991968419969,0.4299832397143611,0.125,0.1267605633802817,0.0989010989010989,0.1111111111111111,0.7282132700369546,0.4299832397143611,0.125,0.0017605633802816878,0.0,0.0006816632583503679,0.010114073194957718,0.0,0.0
P02_room0,room0,spurious,unsupported_prediction_all_three_scales,lamp,,voxel0p10,improved,F1 improved without precision loss,72,71,0.18055555555555555,0.14285714285714285,0.15950920245398773,0.7537232909272749,0.452079604790914,0.125,0.18309859154929578,0.14285714285714285,0.16049382716049382,0.7643391119262506,0.452079604790914,0.125,0.002543035993740228,0.0,0.0009846247065060931,0.010615820998975734,0.0,0.0
P03_office0,office0,spurious,unsupported_prediction_all_three_scales,potted plant,,voxel0p025,improved,F1 improved without precision loss,35,34,0.05714285714285714,0.038461538461538464,0.04597701149425287,0.5564353960705667,0.5156931803477698,0.14285714285714285,0.058823529411764705,0.038461538461538464,0.046511627906976744,0.5728011430138187,0.5156931803477698,0.14285714285714285,0.001680672268907564,0.0,0.0005346164127238706,0.01636574694325199,0.0,0.0
P03_office0,office0,spurious,unsupported_prediction_all_three_scales,potted plant,,voxel0p05,improved,F1 improved without precision loss,35,34,0.08571428571428572,0.057692307692307696,0.06896551724137931,0.5917570178861602,0.5699704440443539,0.2857142857142857,0.08823529411764706,0.057692307692307696,0.06976744186046512,0.6091616360592826,0.5699704440443539,0.2857142857142857,0.0025210084033613495,0.0,0.0008019246190858059,0.017404618173122444,0.0,0.0
P03_office0,office0,spurious,unsupported_prediction_all_three_scales,potted plant,,voxel0p10,improved,F1 improved without precision loss,35,34,0.11428571428571428,0.07692307692307693,0.09195402298850575,0.6235815198429724,0.5871810052084496,0.2857142857142857,0.11764705882352941,0.07692307692307693,0.09302325581395349,0.6419221527795304,0.5871810052084496,0.2857142857142857,0.003361344537815128,0.0,0.0010692328254477412,0.018340632936557966,0.0,0.0
G01_office0,office0,geometry,G_observable_gt_incomplete_or_missed,,blinds,voxel0p025,improved,recall and coverage both improved,35,36,0.05714285714285714,0.038461538461538464,0.04597701149425287,0.5564353960705667,0.5156931803477698,0.14285714285714285,0.08333333333333333,0.057692307692307696,0.06818181818181818,0.5687566350686065,0.5492786950925654,0.25,0.026190476190476188,0.019230769230769232,0.022204806687565304,0.01232123899803983,0.03358551474479565,0.10714285714285715
G01_office0,office0,geometry,G_observable_gt_incomplete_or_missed,,blinds,voxel0p05,improved,recall and coverage both improved,35,36,0.08571428571428572,0.057692307692307696,0.06896551724137931,0.5917570178861602,0.5699704440443539,0.2857142857142857,0.1111111111111111,0.07692307692307693,0.09090909090909091,0.6030971007226558,0.605968401871811,0.375,0.02539682539682539,0.019230769230769232,0.021943573667711602,0.011340082836495569,0.03599795782745707,0.0892857142857143
G01_office0,office0,geometry,G_observable_gt_incomplete_or_missed,,blinds,voxel0p10,improved,recall and coverage both improved,35,36,0.11428571428571428,0.07692307692307693,0.09195402298850575,0.6235815198429724,0.5871810052084496,0.2857142857142857,0.1388888888888889,0.09615384615384616,0.11363636363636363,0.6340375887362231,0.6229055623063865,0.375,0.024603174603174613,0.019230769230769232,0.021682340647857887,0.01045606889325068,0.03572455709793687,0.0892857142857143
G02_room0,room0,geometry,G_observable_gt_incomplete_or_missed,,cushion,voxel0p025,improved,recall and coverage both improved,72,73,0.1111111111111111,0.08791208791208792,0.09815950920245399,0.6561278411549186,0.3909500590459881,0.125,0.1232876712328767,0.0989010989010989,0.10975609756097561,0.6608384186733444,0.43443917453619363,0.16,0.0121765601217656,0.010989010989010978,0.01159658835852162,0.00471057751842574,0.04348911549020551,0.035
G02_room0,room0,geometry,G_observable_gt_incomplete_or_missed,,cushion,voxel0p05,improved,recall and coverage both improved,72,73,0.125,0.0989010989010989,0.11042944785276074,0.7180991968419969,0.4299832397143611,0.125,0.136986301369863,0.10989010989010989,0.12195121951219512,0.7219608516797776,0.4760990328005536,0.16,0.011986301369863006,0.010989010989010992,0.011521771659434382,0.0038616548377807813,0.046115793086192514,0.035
G02_room0,room0,geometry,G_observable_gt_incomplete_or_missed,,cushion,voxel0p10,improved,recall and coverage both improved,72,73,0.18055555555555555,0.14285714285714285,0.15950920245398773,0.7537232909272749,0.452079604790914,0.125,0.1917808219178082,0.15384615384615385,0.17073170731707318,0.7570969444762163,0.4993423770972403,0.16,0.011225266362252656,0.010989010989011005,0.011222504863085458,0.00337365354894148,0.04726277230632625,0.035
G03_office0,office0,geometry,G_observable_gt_incomplete_or_missed,,tissue-paper,voxel0p025,improved,recall and coverage both improved,35,36,0.05714285714285714,0.038461538461538464,0.04597701149425287,0.5564353960705667,0.5156931803477698,0.14285714285714285,0.08333333333333333,0.057692307692307696,0.06818181818181818,0.5687566350686065,0.5537708711200713,0.14285714285714285,0.026190476190476188,0.019230769230769232,0.022204806687565304,0.01232123899803983,0.0380776907723015,0.0
G03_office0,office0,geometry,G_observable_gt_incomplete_or_missed,,tissue-paper,voxel0p05,improved,recall and coverage both improved,35,36,0.08571428571428572,0.057692307692307696,0.06896551724137931,0.5917570178861602,0.5699704440443539,0.2857142857142857,0.1111111111111111,0.07692307692307693,0.09090909090909091,0.6030971007226558,0.6084319825058924,0.2857142857142857,0.02539682539682539,0.019230769230769232,0.021943573667711602,0.011340082836495569,0.038461538461538436,0.0
G03_office0,office0,geometry,G_observable_gt_incomplete_or_missed,,tissue-paper,voxel0p10,improved,recall and coverage both improved,35,36,0.11428571428571428,0.07692307692307693,0.09195402298850575,0.6235815198429724,0.5871810052084496,0.2857142857142857,0.1388888888888889,0.09615384615384616,0.11363636363636363,0.6340375887362231,0.6256425436699881,0.2857142857142857,0.024603174603174613,0.019230769230769232,0.021682340647857887,0.01045606889325068,0.038461538461538436,0.0
C01_room0,room0,control,relative_identity_control,blinds,blinds,voxel0p025,not_scored,control/no-op,72,72,0.1111111111111111,0.08791208791208792,0.09815950920245399,0.6561278411549186,0.3909500590459881,0.125,0.1111111111111111,0.08791208791208792,0.09815950920245399,0.6561278411549186,0.3909500590459881,0.125,0.0,0.0,0.0,0.0,0.0,0.0
C01_room0,room0,control,relative_identity_control,blinds,blinds,voxel0p05,not_scored,control/no-op,72,72,0.125,0.0989010989010989,0.11042944785276074,0.7180991968419969,0.4299832397143611,0.125,0.125,0.0989010989010989,0.11042944785276074,0.7180991968419969,0.4299832397143611,0.125,0.0,0.0,0.0,0.0,0.0,0.0
C01_room0,room0,control,relative_identity_control,blinds,blinds,voxel0p10,not_scored,control/no-op,72,72,0.18055555555555555,0.14285714285714285,0.15950920245398773,0.7537232909272749,0.452079604790914,0.125,0.18055555555555555,0.14285714285714285,0.15950920245398773,0.7537232909272749,0.452079604790914,0.125,0.0,0.0,0.0,0.0,0.0,0.0
C02_office0,office0,control,geometry_ranked_non_target_control,sofa chair,sofa,voxel0p025,not_scored,control/no-op,35,35,0.05714285714285714,0.038461538461538464,0.04597701149425287,0.5564353960705667,0.5156931803477698,0.14285714285714285,0.05714285714285714,0.038461538461538464,0.04597701149425287,0.5564353960705667,0.5156931803477698,0.14285714285714285,0.0,0.0,0.0,0.0,0.0,0.0
C02_office0,office0,control,geometry_ranked_non_target_control,sofa chair,sofa,voxel0p05,not_scored,control/no-op,35,35,0.08571428571428572,0.057692307692307696,0.06896551724137931,0.5917570178861602,0.5699704440443539,0.2857142857142857,0.08571428571428572,0.057692307692307696,0.06896551724137931,0.5917570178861602,0.5699704440443539,0.2857142857142857,0.0,0.0,0.0,0.0,0.0,0.0
C02_office0,office0,control,geometry_ranked_non_target_control,sofa chair,sofa,voxel0p10,not_scored,control/no-op,35,35,0.11428571428571428,0.07692307692307693,0.09195402298850575,0.6235815198429724,0.5871810052084496,0.2857142857142857,0.11428571428571428,0.07692307692307693,0.09195402298850575,0.6235815198429724,0.5871810052084496,0.2857142857142857,0.0,0.0,0.0,0.0,0.0,0.0
C03_room0,room0,control,geometry_ranked_non_target_control,pillow,cushion,voxel0p025,not_scored,control/no-op,72,72,0.1111111111111111,0.08791208791208792,0.09815950920245399,0.6561278411549186,0.3909500590459881,0.125,0.1111111111111111,0.08791208791208792,0.09815950920245399,0.6561278411549186,0.3909500590459881,0.125,0.0,0.0,0.0,0.0,0.0,0.0
C03_room0,room0,control,geometry_ranked_non_target_control,pillow,cushion,voxel0p05,not_scored,control/no-op,72,72,0.125,0.0989010989010989,0.11042944785276074,0.7180991968419969,0.4299832397143611,0.125,0.125,0.0989010989010989,0.11042944785276074,0.7180991968419969,0.4299832397143611,0.125,0.0,0.0,0.0,0.0,0.0,0.0
C03_room0,room0,control,geometry_ranked_non_target_control,pillow,cushion,voxel0p10,not_scored,control/no-op,72,72,0.18055555555555555,0.14285714285714285,0.15950920245398773,0.7537232909272749,0.452079604790914,0.125,0.18055555555555555,0.14285714285714285,0.15950920245398773,0.7537232909272749,0.452079604790914,0.125,0.0,0.0,0.0,0.0,0.0,0.0
C04_office0,office0,control,geometry_ranked_non_target_control,tv,tv-screen,voxel0p025,not_scored,control/no-op,35,35,0.05714285714285714,0.038461538461538464,0.04597701149425287,0.5564353960705667,0.5156931803477698,0.14285714285714285,0.05714285714285714,0.038461538461538464,0.04597701149425287,0.5564353960705667,0.5156931803477698,0.14285714285714285,0.0,0.0,0.0,0.0,0.0,0.0
C04_office0,office0,control,geometry_ranked_non_target_control,tv,tv-screen,voxel0p05,not_scored,control/no-op,35,35,0.08571428571428572,0.057692307692307696,0.06896551724137931,0.5917570178861602,0.5699704440443539,0.2857142857142857,0.08571428571428572,0.057692307692307696,0.06896551724137931,0.5917570178861602,0.5699704440443539,0.2857142857142857,0.0,0.0,0.0,0.0,0.0,0.0
C04_office0,office0,control,geometry_ranked_non_target_control,tv,tv-screen,voxel0p10,not_scored,control/no-op,35,35,0.11428571428571428,0.07692307692307693,0.09195402298850575,0.6235815198429724,0.5871810052084496,0.2857142857142857,0.11428571428571428,0.07692307692307693,0.09195402298850575,0.6235815198429724,0.5871810052084496,0.2857142857142857,0.0,0.0,0.0,0.0,0.0,0.0
