scene,delta_geometry_coverage_pp,delta_recall_at_1_pp,delta_recall_at_5_pp,delta_mean_recall_at_1_pp,delta_mean_recall_at_5_pp
room_0,-6.779661016949145,-8.47457627118644,-13.559322033898308,-11.83068783068783,-8.063492063492056
room_1,-23.33333333333333,-13.33333333333333,-23.333333333333332,-6.349206349206349,-13.095238095238093
room_2,-9.999999999999998,0.0,-4.999999999999999,6.1538461538461515,1.025641025641033
office_0,-6.666666666666677,-6.666666666666668,0.0,-11.11111111111111,0.0
office_1,-9.090909090909093,9.090909090909093,18.181818181818183,5.555555555555553,22.22222222222222
office_2,-37.93103448275862,-6.896551724137931,-17.241379310344822,1.4814814814814836,-7.1604938271605025
office_3,-14.28571428571429,4.761904761904762,-16.666666666666664,4.166666666666666,-25.479797979797986
office_4,-13.636363636363635,9.090909090909092,-9.090909090909093,13.749999999999996,0.0
all_8_scenes,-14.919354838709687,-2.8225806451612905,-11.693548387096769,0.7367646132527106,0.7029714663643105
