audit_association_coverage,audit_association_loose,audit_association_repeated,audit_dominant_count,audit_dominant_fraction,audit_dominant_gt_id,audit_dominant_gt_label,audit_eligible_observations,audit_gt_hist,audit_gt_label_hist,audit_mask_any,audit_mask_repeated,audit_mask_severe,audit_merge_membership_repeated,audit_mixed_mask_fraction,audit_mixed_mask_observations,audit_observation_coverage,audit_overmerge_cross_class,audit_overmerge_repeated,audit_overmerge_same_class,audit_pure_observations,audit_second_count,audit_split_incident,audit_spurious_background,audit_unified_plus_spurious,audit_unified_repeated,audit_wrong_association_fraction,audit_wrong_association_observations,best_duplicate_pair_score,combined_anomaly_score,connected_components_26,duplicate_conflict_score,evidence_coverage,evidence_scope,evidence_supported_voxels,fragmentation_rank,fragmentation_score,gt_dominant_fraction,gt_dominant_id,gt_dominant_label,gt_eligible_member_observations,gt_false_split_incident,gt_identity_error,gt_overlap_hist,gt_overmerge,gt_overmerge_cross_class,gt_overmerge_same_class,gt_second_fraction,gt_second_id,gt_second_label,gt_substantial_instances,gt_supported_fraction,gt_supported_voxels,has_association_evidence_error,has_mask_evidence_error,is_background,label_hist,label_vote_entropy,largest_component_fraction,major_connected_components_26,major_label_region_count,mean_seen_count,mean_voxel_disagreement,median_seen_count,member_observations,mixed_mask_fraction,mixed_mask_observations,nonspatial_label_score,num_detections,object_index,object_uid,object_voxels,owner_label_entropy,predicted_label,primary_evidence_label,primary_evidence_label_id,pure_member_observations,rank,scene,second_evidence_label,second_evidence_label_id,second_label_largest_region_fraction,semantic_conflict_score,stable_evidence_voxels,voxel_majority_entropy,voxel_majority_second_fraction,voxel_majority_top_fraction,voxel_size_m,wrong_association_fraction,wrong_association_observations
True,False,False,2,1.0,19,blinds,2,"{""19"": 2}","{""blinds"": 2}",False,False,False,False,0.0,0,True,False,False,False,2,0,True,False,True,True,0.0,0,0.9981688157862911,1.0,1,0.8188405797101449,1.0,all_history,40,0.45652173913043476,0.0,0.025,64,vent,2,False,True,"[{""gt_id"": 64, ""gt_label"": ""vent"", ""pred_fraction"": 0.025, ""voxels"": 1}]",False,False,False,0.0,,,0,0.025,1,True,False,False,"{""1"": 5569, ""159"": 4788, ""37"": 1329, ""53"": 45, ""77"": 61}",0.6305172746398269,1.0,1,2,294.8,0.5247686663876274,325.0,2,0.0,0,1.0,2,47,9971f467-8949-4d3e-8ac5-0b4d348ff155,40,1.0,chair,armchair,1,2,1,room0,sofa chair,159,0.175,1.0,40,0.7691928290130138,0.225,0.775,0.05,1.0,2
False,False,False,1,1.0,0,unknown,1,"{""0"": 1}","{""unknown"": 1}",False,False,False,False,0.0,0,True,False,False,False,1,0,False,False,False,False,0.0,0,0.8460670396278214,1.0,4,0.7028985507246377,1.0,all_history,37,1.0,0.5945945945945945,1.0,88,ceiling,1,True,True,"[{""gt_id"": 88, ""gt_label"": ""ceiling"", ""pred_fraction"": 1.0, ""voxels"": 37}, {""gt_id"": 83, ""gt_label"": ""lamp"", ""pred_fraction"": 0.8108108108108109, ""voxels"": 30}]",True,True,False,0.8108108108108109,83,lamp,2,1.0,37,True,False,False,"{""132"": 446, ""174"": 6, ""70"": 4, ""92"": 71}",0.3601624260523689,0.40540540540540543,4,4,14.243243243243244,0.04125091120300864,4.0,1,0.0,0,0.2391304347826087,1,67,f38dbff4-d6ce-4bbb-8b64-7be016a85dc5,37,0.0,lamp,lamp,92,1,2,room0,power outlet,132,0.3548387096774194,1.0,31,0.974024864435752,0.40540540540540543,0.5945945945945946,0.05,1.0,1
False,False,False,1,1.0,88,ceiling,1,"{""88"": 1}","{""ceiling"": 1}",False,False,False,False,0.0,0,True,False,False,False,1,0,False,True,True,False,0.0,0,0.39608805757380955,1.0,1,0.41304347826086957,1.0,all_history,32,0.45652173913043476,0.0,1.0,81,undefined,1,True,True,"[{""gt_id"": 81, ""gt_label"": ""undefined"", ""pred_fraction"": 1.0, ""voxels"": 32}, {""gt_id"": 88, ""gt_label"": ""ceiling"", ""pred_fraction"": 1.0, ""voxels"": 32}, {""gt_id"": 83, ""gt_label"": ""lamp"", ""pred_fraction"": 0.71875, ""voxels"": 23}]",True,True,False,1.0,88,ceiling,3,1.0,32,True,False,False,"{""19"": 239, ""198"": 170, ""92"": 32}",0.8099368866481216,1.0,1,1,13.78125,0.403453126595511,1.0,1,0.0,0,0.2391304347826087,1,70,eb726eca-a8b9-46fd-9678-f0c0f2c10e75,32,0.0,lamp,lamp,92,1,3,room0,blinds,19,0.8333333333333334,1.0,6,0.5161582458966578,0.15625,0.8125,0.05,1.0,1
False,False,False,1,1.0,0,unknown,1,"{""0"": 1}","{""unknown"": 1}",False,False,False,False,0.0,0,True,False,False,False,1,0,False,False,False,False,0.0,0,0.999133073092352,0.9927536231884058,1,0.9927536231884058,1.0,all_history,6,0.45652173913043476,0.0,1.0,83,lamp,1,True,True,"[{""gt_id"": 83, ""gt_label"": ""lamp"", ""pred_fraction"": 1.0, ""voxels"": 6}, {""gt_id"": 88, ""gt_label"": ""ceiling"", ""pred_fraction"": 1.0, ""voxels"": 6}, {""gt_id"": 81, ""gt_label"": ""undefined"", ""pred_fraction"": 0.16666666666666666, ""voxels"": 1}]",True,True,False,1.0,88,ceiling,2,1.0,6,True,False,False,"{""92"": 9}",0.0,1.0,1,1,1.5,0.0,1.5,1,0.0,0,0.2391304347826087,1,58,69417d68-bddd-4871-9cae-b3c677116479,6,0.0,lamp,lamp,92,1,4,room0,,,0.0,0.12318840579710146,3,0.0,0.0,1.0,0.05,1.0,1
False,False,False,0,0.0,,,1,{},{},True,False,False,False,1.0,1,True,False,False,False,0,0,False,False,False,False,0.0,0,0.999133073092352,0.9927536231884058,1,0.9927536231884058,1.0,all_history,29,0.45652173913043476,0.0,1.0,88,ceiling,1,True,True,"[{""gt_id"": 88, ""gt_label"": ""ceiling"", ""pred_fraction"": 1.0, ""voxels"": 29}, {""gt_id"": 83, ""gt_label"": ""lamp"", ""pred_fraction"": 0.896551724137931, ""voxels"": 26}, {""gt_id"": 81, ""gt_label"": ""undefined"", ""pred_fraction"": 0.034482758620689655, ""voxels"": 1}]",True,True,False,0.896551724137931,83,lamp,2,1.0,29,False,True,False,"{""70"": 2, ""92"": 48}",0.24229218908241482,1.0,1,1,1.7241379310344827,0.05263157894736842,2.0,1,1.0,1,0.2391304347826087,1,69,6797cfd0-932b-450c-83c8-ef8e732576cf,29,0.0,lamp,lamp,92,0,5,room0,end table,70,0.10526315789473684,0.6521739130434783,19,0.36205125173399794,0.06896551724137931,0.9310344827586207,0.05,0.0,0
True,True,True,33,0.75,0,unknown,69,"{""0"": 33, ""40"": 1, ""88"": 10}","{""ceiling"": 10, ""lamp"": 1, ""unknown"": 33}",True,True,True,True,0.36231884057971014,25,True,True,True,False,44,10,True,False,True,True,0.25,11,0.6867333846673793,0.9855072463768116,1,0.5869565217391305,1.0,all_history,71,0.45652173913043476,0.0,0.9577464788732394,40,lamp,69,False,True,"[{""gt_id"": 40, ""gt_label"": ""lamp"", ""pred_fraction"": 0.9577464788732394, ""voxels"": 68}, {""gt_id"": 88, ""gt_label"": ""ceiling"", ""pred_fraction"": 0.9577464788732394, ""voxels"": 68}, {""gt_id"": 48, ""gt_label"": ""wall"", ""pred_fraction"": 0.028169014084507043, ""voxels"": 2}]",True,True,False,0.9577464788732394,88,ceiling,2,0.9859154929577465,70,True,True,False,"{""128"": 135, ""131"": 5, ""146"": 115, ""21"": 2479, ""23"": 1, ""29"": 2124, ""60"": 680, ""70"": 1}",0.5603665325290581,1.0,1,3,78.02816901408451,0.30682247099308785,69.0,69,0.36231884057971014,25,0.5942028985507246,69,11,0fa92eea-9420-4d2f-8a92-8c9bb5949927,71,0.2580186686648155,book,book,21,44,6,room0,cabinet,29,0.21428571428571427,0.9855072463768116,70,0.9477073729342067,0.36619718309859156,0.6338028169014085,0.05,0.9772727272727273,43
True,False,False,13,1.0,60,rug,227,"{""60"": 13}","{""rug"": 13}",True,True,True,True,0.9427312775330396,214,True,False,False,False,13,0,True,False,True,True,0.0,0,0.0037622154218437008,0.9855072463768116,1,0.14492753623188406,1.0,all_history,1042,0.45652173913043476,0.0,0.5268714011516314,9,sofa,227,False,True,"[{""gt_id"": 9, ""gt_label"": ""sofa"", ""pred_fraction"": 0.5268714011516314, ""voxels"": 549}, {""gt_id"": 60, ""gt_label"": ""rug"", ""pred_fraction"": 0.42706333973128596, ""voxels"": 445}, {""gt_id"": 18, ""gt_label"": ""cushion"", ""pred_fraction"": 0.13723608445297505, ""voxels"": 143}, {""gt_id"": 70, ""gt_label"": ""cushion"", ""pred_fraction"": 0.1238003838771593, ""voxels"": 129}, {""gt_id"": 71, ""gt_label"": ""cushion"", ""pred_fraction"": 0.11612284069097889, ""voxels"": 121}, {""gt_id"": 8, ""gt_label"": ""cushion"", ""pred_fraction"": 0.02783109404990403, ""voxels"": 29}]",True,True,False,0.42706333973128596,60,rug,5,0.9923224568138196,1034,True,True,False,"{""123"": 55099, ""130"": 58270, ""187"": 83, ""191"": 340, ""28"": 5028, ""30"": 73}",0.48336306222461795,1.0,1,3,114.10076775431862,0.47021168216315506,115.0,227,0.9427312775330396,214,0.7681159420289855,227,13,3c63ee2d-f01e-4946-b9d5-3c600b56c4de,1042,0.6270927806345548,poster,poster,130,13,7,room0,picture,123,0.438953488372093,0.9855072463768116,1032,0.5923244194798607,0.44817658349328215,0.5211132437619962,0.05,1.0,13
False,False,False,1,1.0,0,unknown,1,"{""0"": 1}","{""unknown"": 1}",False,False,False,False,0.0,0,True,False,False,False,1,0,False,False,False,False,0.0,0,0.005671566464273687,0.9855072463768116,1,0.16666666666666666,1.0,all_history,42,0.45652173913043476,0.0,0.9523809523809523,88,ceiling,1,True,True,"[{""gt_id"": 88, ""gt_label"": ""ceiling"", ""pred_fraction"": 0.9523809523809523, ""voxels"": 40}, {""gt_id"": 0, ""gt_label"": ""unknown"", ""pred_fraction"": 0.5476190476190477, ""voxels"": 23}]",True,True,False,0.5476190476190477,0,unknown,2,0.9761904761904762,41,True,False,False,"{""159"": 42, ""164"": 2}",0.26676498780302604,1.0,1,0,1.0476190476190477,0.5,1.0,1,0.0,0,0.2391304347826087,1,25,583248ab-d845-460d-98d5-4bcb8d0c2ca9,42,0.0,sofa chair,sofa chair,159,1,8,room0,,,0.0,0.9855072463768116,2,0.0,0.0,1.0,0.05,1.0,1
False,False,False,1,1.0,60,rug,1,"{""60"": 1}","{""rug"": 1}",False,False,False,False,0.0,0,True,False,False,False,1,0,False,False,False,False,0.0,0,0.7691867069930877,0.9855072463768116,2,0.6376811594202898,1.0,all_history,26,0.9855072463768116,0.15384615384615385,1.0,73,chair,1,True,True,"[{""gt_id"": 73, ""gt_label"": ""chair"", ""pred_fraction"": 1.0, ""voxels"": 26}, {""gt_id"": 72, ""gt_label"": ""cushion"", ""pred_fraction"": 0.38461538461538464, ""voxels"": 10}]",True,True,False,0.38461538461538464,72,cushion,2,1.0,26,True,False,False,"{""125"": 3883, ""159"": 63, ""53"": 980, ""58"": 1}",0.4085348899296222,0.8461538461538461,2,3,189.5,0.08125063862743777,201.0,1,0.0,0,0.2391304347826087,1,32,a97d9dde-e31a-4a3a-8e2a-7a9cf35b0610,26,0.0,pillow,pillow,125,1,9,room0,couch,53,0.15384615384615385,0.9420289855072463,26,0.8403586716091169,0.2692307692307692,0.7307692307692307,0.05,1.0,1
True,False,False,8,1.0,48,wall,196,"{""48"": 8}","{""wall"": 8}",True,True,True,True,0.9591836734693877,188,True,False,False,False,8,0,False,True,True,True,0.0,0,0.1377409001929151,0.9710144927536232,1,0.2753623188405797,1.0,all_history,95,0.45652173913043476,0.0,0.6105263157894737,47,undefined,196,False,True,"[{""gt_id"": 47, ""gt_label"": ""undefined"", ""pred_fraction"": 0.6105263157894737, ""voxels"": 58}, {""gt_id"": 48, ""gt_label"": ""wall"", ""pred_fraction"": 0.4631578947368421, ""voxels"": 44}]",True,True,False,0.4631578947368421,48,wall,2,0.8736842105263158,83,True,True,False,"{""146"": 24, ""157"": 4, ""158"": 152, ""174"": 20, ""175"": 68, ""196"": 764, ""23"": 47, ""29"": 679, ""46"": 5198, ""47"": 3511, ""60"": 220, ""67"": 7, ""70"": 7}",0.5123076525828076,1.0,1,3,112.6421052631579,0.49697994428457976,126.0,196,0.9591836734693877,188,0.7101449275362319,196,10,58841b17-9b1b-4ecd-acd3-ef98f96b6a8d,95,0.5674441021680395,coffee kettle,coffee kettle,46,8,10,room0,cabinet,29,0.07368421052631578,0.9710144927536232,95,0.4520861986745137,0.09473684210526316,0.9052631578947369,0.05,1.0,8
False,False,False,0,0.0,,,1,{},{},True,False,False,False,1.0,1,True,False,False,False,0,0,False,False,False,False,0.0,0,0.0,0.9710144927536232,1,0.06521739130434782,1.0,all_history,327,0.45652173913043476,0.0,0.8348623853211009,33,wall,1,False,True,"[{""gt_id"": 33, ""gt_label"": ""wall"", ""pred_fraction"": 0.8348623853211009, ""voxels"": 273}, {""gt_id"": 61, ""gt_label"": ""window"", ""pred_fraction"": 0.30275229357798167, ""voxels"": 99}, {""gt_id"": 88, ""gt_label"": ""ceiling"", ""pred_fraction"": 0.23547400611620795, ""voxels"": 77}, {""gt_id"": 36, ""gt_label"": ""door"", ""pred_fraction"": 0.009174311926605505, ""voxels"": 3}]",True,True,False,0.30275229357798167,61,window,3,0.963302752293578,315,False,True,False,"{""35"": 108, ""36"": 327}",0.8085339765486709,1.0,1,3,1.3302752293577982,0.3139991181657848,1.0,1,1.0,1,0.2391304347826087,1,26,0905ee98-8adf-4b2c-8bce-40baa829fb79,327,0.0,ceiling light,ceiling light,36,0,11,room0,ceiling,35,0.3888888888888889,0.9710144927536232,36,0.5001926210998139,0.11009174311926606,0.8899082568807339,0.05,0.0,0
True,False,False,227,1.0,19,blinds,228,"{""19"": 227}","{""blinds"": 227}",True,False,False,False,0.0043859649122807015,1,True,False,False,False,227,0,True,False,True,True,0.0,0,0.998329144382115,0.9710144927536232,1,0.8478260869565217,1.0,all_history,130,0.45652173913043476,0.0,0.9846153846153847,19,blinds,228,True,True,"[{""gt_id"": 19, ""gt_label"": ""blinds"", ""pred_fraction"": 0.9846153846153847, ""voxels"": 128}]",False,False,False,0.0,,,1,0.9846153846153847,128,False,True,False,"{""1"": 9849, ""125"": 20506, ""159"": 5065, ""37"": 2893, ""58"": 62, ""77"": 227}",0.6617787774009947,1.0,1,4,296.9384615384615,0.2542853741675499,222.0,228,0.0043859649122807015,1,0.4782608695652174,228,41,021914e2-bff1-40e8-9906-a41dbb050528,130,0.04066849392334827,pillow,pillow,125,227,12,room0,armchair,1,0.23076923076923078,0.9710144927536232,130,0.8716836171199819,0.2923076923076923,0.7076923076923077,0.05,0.0,0
False,False,False,0,0.0,,,1,{},{},True,False,False,False,1.0,1,True,False,False,False,0,0,False,False,False,False,0.0,0,0.9983567156703687,0.9710144927536232,2,0.8768115942028986,1.0,all_history,21,0.9710144927536232,0.1428571428571429,0.0,,,1,False,False,[],False,False,False,0.0,,,0,0.0,0,False,True,False,"{""1"": 1307, ""125"": 3709, ""159"": 1097, ""37"": 297, ""53"": 17, ""77"": 7}",0.6183951437692677,0.8571428571428571,2,2,306.3809523809524,0.27588999448618906,256.0,1,1.0,1,0.2391304347826087,1,49,fb8ff2e2-9de0-4000-95de-1cb5cd23b41e,21,0.0,pillow,pillow,125,0,13,room0,armchair,1,0.14285714285714285,0.7246376811594203,21,0.5916727785823274,0.14285714285714285,0.8571428571428571,0.05,0.0,0
False,False,False,1,1.0,0,unknown,1,"{""0"": 1}","{""unknown"": 1}",False,False,False,False,0.0,0,True,False,False,False,1,0,False,False,False,False,0.0,0,0.9991330730923519,0.9710144927536232,1,0.9710144927536232,1.0,all_history,4,0.45652173913043476,0.0,1.0,88,ceiling,1,True,True,"[{""gt_id"": 88, ""gt_label"": ""ceiling"", ""pred_fraction"": 1.0, ""voxels"": 4}]",False,False,False,0.0,,,1,1.0,4,True,False,False,"{""92"": 10}",0.0,1.0,1,1,2.5,0.0,2.5,3,0.0,0,0.2391304347826087,3,56,9298f2d5-9b84-4807-a60d-3529209caf3c,4,0.0,lamp,lamp,92,1,14,room0,,,0.0,0.12318840579710146,4,0.0,0.0,1.0,0.05,1.0,1
False,False,False,0,0.0,,,2,{},{},True,True,True,True,1.0,2,True,False,False,False,0,0,False,False,True,True,0.0,0,0.4529461721370819,0.9565217391304348,1,0.45652173913043476,1.0,all_history,7,0.45652173913043476,0.0,1.0,39,stool,2,False,True,"[{""gt_id"": 39, ""gt_label"": ""stool"", ""pred_fraction"": 1.0, ""voxels"": 7}, {""gt_id"": 60, ""gt_label"": ""rug"", ""pred_fraction"": 0.5714285714285714, ""voxels"": 4}]",True,True,False,0.5714285714285714,60,rug,2,1.0,7,False,True,False,"{""159"": 10, ""191"": 7, ""92"": 10}",0.9882677137067537,1.0,1,1,3.857142857142857,0.4533333333333333,4.0,2,1.0,2,0.2391304347826087,2,20,e0b22400-ef85-4fa7-a2cc-c1a9a2560507,7,0.0,sofa chair,lamp,92,0,15,room0,sofa chair,159,0.0,0.9565217391304348,5,0.8699155297736261,0.2857142857142857,0.5714285714285714,0.05,0.0,0
False,False,False,1,1.0,5,rug,4,"{""5"": 1}","{""rug"": 1}",True,True,True,True,0.75,3,True,False,False,False,1,0,False,False,True,True,0.0,0,0.8954008823360452,1.0,1,0.9848484848484849,1.0,all_history,195,0.4696969696969697,0.0,0.9692307692307692,5,rug,4,True,True,"[{""gt_id"": 5, ""gt_label"": ""rug"", ""pred_fraction"": 0.9692307692307692, ""voxels"": 189}]",False,False,False,0.0,,,1,0.9692307692307692,189,False,True,False,"{""1"": 168, ""127"": 39, ""131"": 6984, ""141"": 262, ""160"": 700, ""165"": 4093, ""183"": 3979, ""184"": 3534, ""25"": 711, ""27"": 180, ""29"": 192, ""45"": 171, ""51"": 180}",0.6976393154927112,1.0,1,1,108.68205128205128,0.6684739154182475,117.0,4,0.75,3,0.9393939393939394,4,12,6d8a2ab3-581c-4cfa-a26f-4d2ca2783e47,195,0.8112781244591328,storage bin,potted plant,131,1,1,office0,storage bin,165,0.005128205128205128,1.0,195,0.13632488991225192,0.020512820512820513,0.9641025641025641,0.05,0.0,0
False,False,False,1,1.0,0,unknown,1,"{""0"": 1}","{""unknown"": 1}",False,False,False,False,0.0,0,True,False,False,False,1,0,False,False,False,False,0.0,0,0.0,1.0,1,0.19696969696969696,1.0,all_history,8,0.4696969696969697,0.0,0.0,,,1,False,False,[],False,False,False,0.0,,,0,0.0,0,False,False,False,"{""132"": 8, ""76"": 3}",0.8453509366224364,1.0,1,1,1.375,0.5,1.0,1,0.0,0,0.19696969696969696,1,22,8f4d542e-9aa7-42bc-b18a-e1eae2ddc61b,8,0.0,power outlet,power outlet,132,1,2,office0,floor,76,1.0,1.0,3,0.954434002924965,0.375,0.625,0.05,0.0,0
True,True,True,22,0.5238095238095238,51,wall,60,"{""4"": 17, ""51"": 22, ""7"": 3}","{""chair"": 17, ""sofa"": 3, ""wall"": 22}",True,True,True,True,0.3,18,True,True,True,False,42,17,False,True,True,True,0.47619047619047616,20,0.6523978348230439,1.0,2,0.8333333333333334,1.0,all_history,60,1.0,0.1166666666666667,0.0,,,60,False,False,[],False,False,False,0.0,,,0,0.0,0,False,True,False,"{""109"": 241, ""117"": 7, ""128"": 666, ""157"": 1, ""159"": 2, ""172"": 76, ""173"": 38, ""174"": 178, ""182"": 205, ""21"": 962, ""23"": 17, ""24"": 138, ""25"": 18, ""48"": 1092, ""53"": 5, ""56"": 46, ""60"": 730, ""61"": 130, ""70"": 22, ""81"": 8, ""93"": 111}",0.7181849741098756,0.8833333333333333,2,3,78.21666666666667,0.5889273613577879,60.5,60,0.3,18,0.9090909090909091,60,27,34cc3c17-2b1c-4c4d-b9e5-fd551e206815,60,0.7928348615612854,book,book,21,42,3,office0,coffee table,48,0.31666666666666665,0.9696969696969697,60,0.7167754611097866,0.31666666666666665,0.5166666666666667,0.05,0.0,0
True,True,True,66,0.584070796460177,5,rug,174,"{""0"": 42, ""4"": 5, ""5"": 66}","{""chair"": 5, ""rug"": 66, ""unknown"": 42}",True,True,True,True,0.3505747126436782,61,True,True,True,False,113,42,True,False,True,True,0.415929203539823,47,0.8954008823360452,0.9848484848484849,1,0.9848484848484849,1.0,all_history,1773,0.4696969696969697,0.0,0.6192893401015228,5,rug,174,True,True,"[{""gt_id"": 5, ""gt_label"": ""rug"", ""pred_fraction"": 0.6192893401015228, ""voxels"": 1098}, {""gt_id"": 44, ""gt_label"": ""desk-organizer"", ""pred_fraction"": 0.2092498589960519, ""voxels"": 371}]",True,True,False,0.2092498589960519,44,desk-organizer,2,0.6514382402707276,1155,True,True,False,"{""1"": 364, ""108"": 39, ""117"": 168, ""127"": 3894, ""131"": 41235, ""136"": 21, ""141"": 725, ""143"": 106, ""160"": 1204, ""165"": 8000, ""183"": 8145, ""184"": 7075, ""187"": 43, ""197"": 59, ""25"": 1395, ""27"": 378, ""29"": 187, ""40"": 47, ""42"": 24, ""45"": 322, ""51"": 377, ""65"": 11, ""76"": 4}",0.4925943499352176,1.0,1,1,41.637337845459676,0.2869920413142354,26.0,174,0.3505747126436782,61,0.7272727272727273,174,14,11c2cbf2-0f87-4e84-9e34-027c95bc0095,1773,0.6279087343635478,potted plant,potted plant,131,113,4,office0,range hood,141,0.0006341154090044388,0.5151515151515151,1577,0.1751645325821428,0.019740552735476594,0.9244218838127467,0.05,0.415929203539823,47
False,False,False,1,1.0,5,rug,1,"{""5"": 1}","{""rug"": 1}",False,False,False,False,0.0,0,True,False,False,False,1,0,False,False,False,False,0.0,0,0.0,0.9848484848484849,1,0.19696969696969696,1.0,all_history,3,0.4696969696969697,0.0,1.0,0,unknown,1,False,True,"[{""gt_id"": 0, ""gt_label"": ""unknown"", ""pred_fraction"": 1.0, ""voxels"": 3}, {""gt_id"": 7, ""gt_label"": ""sofa"", ""pred_fraction"": 1.0, ""voxels"": 3}]",True,True,False,1.0,7,sofa,2,1.0,3,True,False,False,"{""132"": 3, ""76"": 1}",0.8112781244591328,1.0,1,0,1.3333333333333333,0.5,1.0,1,0.0,0,0.19696969696969696,1,29,7ac0a668-0ac4-4a1a-a488-4226a928e0f6,3,0.0,power outlet,power outlet,132,1,5,office0,floor,76,1.0,0.9848484848484849,1,0.9182958340544894,0.3333333333333333,0.6666666666666666,0.05,1.0,1
True,True,True,28,0.5714285714285714,4,chair,218,"{""4"": 28, ""51"": 4, ""58"": 17}","{""chair"": 28, ""table"": 17, ""wall"": 4}",True,True,True,True,0.7752293577981652,169,True,True,True,False,49,17,True,False,True,True,0.42857142857142855,21,0.6523978348230439,0.9696969696969697,3,0.8333333333333334,1.0,all_history,423,0.9696969696969697,0.01891252955082745,0.48936170212765956,51,wall,218,False,True,"[{""gt_id"": 51, ""gt_label"": ""wall"", ""pred_fraction"": 0.48936170212765956, ""voxels"": 207}]",False,False,False,0.0,,,1,0.48936170212765956,207,True,True,False,"{""109"": 141, ""117"": 16, ""119"": 12, ""128"": 393, ""159"": 519, ""165"": 9, ""172"": 5610, ""173"": 23, ""174"": 875, ""182"": 127, ""21"": 566, ""23"": 14, ""24"": 79, ""25"": 140, ""48"": 26767, ""53"": 288, ""56"": 64, ""60"": 15292, ""61"": 996, ""70"": 80, ""81"": 23, ""93"": 70}",0.43520978954364514,0.9810874704491725,2,4,123.177304964539,0.45480593445634704,158.0,218,0.7752293577981652,169,0.6666666666666666,218,5,6e93297f-d5b9-47be-b76d-dcbc7c95cea2,423,0.6076938957799232,coffee table,coffee table,48,49,6,office0,desk,60,0.021739130434782608,0.7575757575757576,414,0.42188144690473206,0.06855791962174941,0.8486997635933806,0.05,0.9183673469387755,45
True,True,False,4,0.8,61,chair,246,"{""51"": 1, ""61"": 4}","{""chair"": 4, ""wall"": 1}",True,True,True,True,0.9796747967479674,241,True,False,False,False,5,1,False,False,True,True,0.2,1,0.0,0.9393939393939394,1,0.19696969696969696,1.0,all_history,350,0.4696969696969697,0.0,0.1657142857142857,35,panel,246,False,True,"[{""gt_id"": 35, ""gt_label"": ""panel"", ""pred_fraction"": 0.1657142857142857, ""voxels"": 58}, {""gt_id"": 50, ""gt_label"": ""switch"", ""pred_fraction"": 0.13428571428571429, ""voxels"": 47}, {""gt_id"": 46, ""gt_label"": ""undefined"", ""pred_fraction"": 0.10571428571428572, ""voxels"": 37}, {""gt_id"": 36, ""gt_label"": ""switch"", ""pred_fraction"": 0.054285714285714284, ""voxels"": 19}]",True,True,False,0.13428571428571429,50,switch,4,0.2571428571428571,90,True,True,False,"{""1"": 248, ""103"": 241, ""113"": 2086, ""114"": 2778, ""159"": 3673, ""164"": 3951, ""171"": 294, ""25"": 296, ""37"": 22948, ""58"": 67, ""77"": 17897}",0.6221931005710303,1.0,1,2,155.65428571428572,0.5655924178801376,175.0,246,0.9796747967479674,241,0.7575757575757576,246,8,9d5b4b06-4665-481a-953c-e71ecb925abd,350,0.6283395737741961,chair,chair,37,5,7,office0,folded chair,77,0.02005730659025788,0.9393939393939394,349,0.20661619953616717,0.05142857142857143,0.9342857142857143,0.05,1.0,5
True,True,True,17,0.3333333333333333,4,chair,272,"{""0"": 12, ""4"": 17, ""5"": 10, ""58"": 2, ""8"": 5, ""9"": 5}","{""chair"": 17, ""rug"": 10, ""sofa"": 5, ""table"": 2, ""unknown"": 12, ""wall"": 5}",True,True,True,True,0.8125,221,True,True,True,False,51,12,False,False,True,True,0.6666666666666666,34,0.5165683963662445,0.9393939393939394,2,0.7121212121212122,1.0,all_history,2477,0.9393939393939394,0.0004037141703673308,0.6955995155429956,58,table,272,True,True,"[{""gt_id"": 58, ""gt_label"": ""table"", ""pred_fraction"": 0.6955995155429956, ""voxels"": 1723}, {""gt_id"": 9, ""gt_label"": ""sofa"", ""pred_fraction"": 0.3027856277755349, ""voxels"": 750}, {""gt_id"": 51, ""gt_label"": ""wall"", ""pred_fraction"": 0.28582963262010497, ""voxels"": 708}, {""gt_id"": 8, ""gt_label"": ""wall"", ""pred_fraction"": 0.27815906338312474, ""voxels"": 689}, {""gt_id"": 7, ""gt_label"": ""sofa"", ""pred_fraction"": 0.26039563988696, ""voxels"": 645}, {""gt_id"": 4, ""gt_label"": ""chair"", ""pred_fraction"": 0.23173193379087606, ""voxels"": 574}, {""gt_id"": 0, ""gt_label"": ""unknown"", ""pred_fraction"": 0.14816310052482842, ""voxels"": 367}, {""gt_id"": 10, ""gt_label"": ""ceiling"", ""pred_fraction"": 0.1425111021396851, ""voxels"": 353}, {""gt_id"": 61, ""gt_label"": ""chair"", ""pred_fraction"": 0.04481227291077917, ""voxels"": 111}, {""gt_id"": 52, ""gt_label"": ""other-leaf"", ""pred_fraction"": 0.0012111425111021397, ""voxels"": 3}]",True,True,False,0.3027856277755349,9,sofa,8,0.7698829228905935,1907,True,True,False,"{""114"": 443, ""123"": 3, ""125"": 3188, ""14"": 2757, ""159"": 128289, ""165"": 3366, ""198"": 8, ""53"": 103817, ""58"": 1114, ""76"": 10}",0.39285894185297343,0.9995962858296327,1,2,98.10052482842148,0.39162168364975314,98.0,272,0.8125,221,0.5454545454545454,272,21,988a8dab-de7d-42db-9fd2-c902bd5b5ffe,2477,0.5738608334341295,sofa chair,sofa chair,159,51,8,office0,couch,53,0.37682926829268293,0.8181818181818182,2460,0.40083283491628735,0.3835284618490109,0.6083972547436415,0.05,0.9607843137254902,49
False,False,False,0,0.0,,,1,{},{},True,False,False,False,1.0,1,True,False,False,False,0,0,False,False,False,False,0.0,0,0.6473178682148522,0.9393939393939394,1,0.7727272727272727,1.0,all_history,1458,0.4696969696969697,0.0,0.5384087791495199,58,table,1,True,True,"[{""gt_id"": 58, ""gt_label"": ""table"", ""pred_fraction"": 0.5384087791495199, ""voxels"": 785}, {""gt_id"": 9, ""gt_label"": ""sofa"", ""pred_fraction"": 0.5013717421124828, ""voxels"": 731}, {""gt_id"": 0, ""gt_label"": ""unknown"", ""pred_fraction"": 0.18998628257887518, ""voxels"": 277}, {""gt_id"": 8, ""gt_label"": ""wall"", ""pred_fraction"": 0.12071330589849108, ""voxels"": 176}, {""gt_id"": 7, ""gt_label"": ""sofa"", ""pred_fraction"": 0.01646090534979424, ""voxels"": 24}]",True,True,False,0.5013717421124828,9,sofa,4,0.5438957475994513,793,False,True,False,"{""117"": 1037, ""125"": 18, ""159"": 205, ""182"": 470, ""198"": 1458, ""53"": 279, ""57"": 114, ""58"": 5}",0.7207130898278783,1.0,1,2,2.459533607681756,0.40401149509386713,1.0,1,1.0,1,0.19696969696969696,1,28,803f469d-7639-4541-a1d9-e7b503dfdda3,1458,0.0,window,window,198,0,9,office0,paper bag,117,0.9246575342465754,0.9393939393939394,146,0.2556770712273706,0.09259259259259259,0.8998628257887518,0.05,0.0,0
True,True,True,9,0.5294117647058824,58,table,159,"{""0"": 1, ""24"": 2, ""5"": 5, ""58"": 9}","{""rug"": 5, ""table"": 9, ""unknown"": 1, ""wall"": 2}",True,True,True,True,0.8930817610062893,142,True,True,True,False,17,5,True,False,True,True,0.47058823529411764,8,0.7709742858578941,0.9242424242424242,1,0.9242424242424242,1.0,all_history,1421,0.4696969696969697,0.0,0.741027445460943,4,chair,159,True,True,"[{""gt_id"": 4, ""gt_label"": ""chair"", ""pred_fraction"": 0.741027445460943, ""voxels"": 1053}, {""gt_id"": 24, ""gt_label"": ""wall"", ""pred_fraction"": 0.35467980295566504, ""voxels"": 504}, {""gt_id"": 66, ""gt_label"": ""tv-screen"", ""pred_fraction"": 0.32441942294159043, ""voxels"": 461}, {""gt_id"": 12, ""gt_label"": ""table"", ""pred_fraction"": 0.30823363828289935, ""voxels"": 438}, {""gt_id"": 30, ""gt_label"": ""anonymize_picture"", ""pred_fraction"": 0.21041520056298382, ""voxels"": 299}, {""gt_id"": 5, ""gt_label"": ""rug"", ""pred_fraction"": 0.18156228008444758, ""voxels"": 258}, {""gt_id"": 3, ""gt_label"": ""anonymize_picture"", ""pred_fraction"": 0.06685432793807178, ""voxels"": 95}, {""gt_id"": 57, ""gt_label"": ""clock"", ""pred_fraction"": 0.03237156931738212, ""voxels"": 46}, {""gt_id"": 11, ""gt_label"": ""camera"", ""pred_fraction"": 0.019000703729767768, ""voxels"": 27}, {""gt_id"": 25, ""gt_label"": ""wall-plug"", ""pred_fraction"": 0.014074595355383532, ""voxels"": 20}, {""gt_id"": 31, ""gt_label"": ""wall-plug"", ""pred_fraction"": 0.009852216748768473, ""voxels"": 14}, {""gt_id"": 45, ""gt_label"": ""wall-plug"", ""pred_fraction"": 0.00844475721323012, ""voxels"": 12}]",True,True,False,0.35467980295566504,24,wall,7,0.9859254046446164,1401,True,True,False,"{""108"": 1515, ""121"": 72, ""123"": 533, ""132"": 453, ""135"": 1036, ""136"": 1203, ""160"": 2258, ""187"": 104702, ""77"": 18}",0.15681546261237292,1.0,1,2,78.66995073891626,0.059835943420278835,86.0,159,0.8930817610062893,142,0.45454545454545453,159,4,9ee2b22c-1b4c-4162-ba8c-21a346dfaba6,1421,0.28723367606738764,tv,tv,187,17,10,office0,speaker,160,0.021567217828900073,0.48484848484848486,1391,0.08520538783016258,0.0211118930330753,0.971850809289233,0.05,1.0,17
True,True,True,25,0.7142857142857143,12,table,66,"{""12"": 25, ""4"": 9, ""58"": 1}","{""chair"": 9, ""table"": 1}",True,True,True,True,0.4696969696969697,31,True,True,True,False,35,9,False,False,True,True,0.2857142857142857,10,0.7709742858578941,0.9242424242424242,1,0.9242424242424242,1.0,all_history,85,0.4696969696969697,0.0,0.8823529411764706,4,chair,66,True,True,"[{""gt_id"": 4, ""gt_label"": ""chair"", ""pred_fraction"": 0.8823529411764706, ""voxels"": 75}, {""gt_id"": 12, ""gt_label"": ""table"", ""pred_fraction"": 0.8823529411764706, ""voxels"": 75}, {""gt_id"": 66, ""gt_label"": ""tv-screen"", ""pred_fraction"": 0.47058823529411764, ""voxels"": 40}, {""gt_id"": 24, ""gt_label"": ""wall"", ""pred_fraction"": 0.3764705882352941, ""voxels"": 32}]",True,True,False,0.8823529411764706,12,table,4,1.0,85,True,True,False,"{""132"": 455, ""135"": 1055, ""160"": 2325, ""187"": 2991}",0.8638162184835966,1.0,1,2,80.30588235294118,0.48941184183556785,80.0,66,0.4696969696969697,31,0.9696969696969697,66,9,c4bd14d3-0681-4b6f-b5a6-0caddcae1b24,85,0.819164594835246,speaker,tv,187,35,11,office0,speaker,160,0.4,0.9090909090909091,85,0.7029575152461508,0.4,0.5764705882352941,0.05,0.7428571428571429,26
True,True,True,84,0.5029940119760479,10,ceiling,307,"{""10"": 84, ""4"": 5, ""58"": 67, ""61"": 11}","{""ceiling"": 84, ""chair"": 5, ""table"": 67}",True,True,True,True,0.4560260586319218,140,True,True,True,False,167,67,False,True,True,True,0.49700598802395207,83,0.2128972813646633,0.9090909090909091,1,0.5,1.0,all_history,209,0.4696969696969697,0.0,0.937799043062201,10,ceiling,307,True,True,"[{""gt_id"": 10, ""gt_label"": ""ceiling"", ""pred_fraction"": 0.937799043062201, ""voxels"": 196}, {""gt_id"": 4, ""gt_label"": ""chair"", ""pred_fraction"": 0.784688995215311, ""voxels"": 164}, {""gt_id"": 58, ""gt_label"": ""table"", ""pred_fraction"": 0.784688995215311, ""voxels"": 164}, {""gt_id"": 61, ""gt_label"": ""chair"", ""pred_fraction"": 0.6363636363636364, ""voxels"": 133}]",True,True,False,0.784688995215311,4,chair,4,0.9856459330143541,206,True,True,False,"{""120"": 15, ""123"": 16, ""125"": 167, ""132"": 39, ""142"": 672, ""16"": 10051, ""165"": 5519, ""183"": 15220, ""184"": 663, ""27"": 583, ""58"": 80, ""94"": 2026}",0.5831305455923999,1.0,1,2,167.70813397129186,0.5545466681521773,208.0,307,0.4560260586319218,140,0.8181818181818182,307,2,a66971cb-acd9-4720-9778-9505861322ca,209,0.6872412516060208,trash bin,trash bin,183,167,12,office0,bin,16,0.03365384615384615,0.9090909090909091,208,0.22352218593630138,0.05263157894736842,0.9186602870813397,0.05,0.49700598802395207,83
False,False,False,1,1.0,4,chair,1,"{""4"": 1}","{""chair"": 1}",False,False,False,False,0.0,0,True,False,False,False,1,0,False,False,False,False,0.0,0,0.22822397893534355,0.9090909090909091,1,0.5454545454545454,1.0,all_history,103,0.4696969696969697,0.0,0.9805825242718447,10,ceiling,1,True,True,"[{""gt_id"": 10, ""gt_label"": ""ceiling"", ""pred_fraction"": 0.9805825242718447, ""voxels"": 101}, {""gt_id"": 4, ""gt_label"": ""chair"", ""pred_fraction"": 0.9320388349514563, ""voxels"": 96}, {""gt_id"": 24, ""gt_label"": ""wall"", ""pred_fraction"": 0.5145631067961165, ""voxels"": 53}]",True,True,False,0.9320388349514563,4,chair,3,0.9902912621359223,102,True,False,False,"{""108"": 10, ""121"": 103, ""136"": 12, ""40"": 231, ""42"": 170, ""65"": 17}",0.730435959352396,1.0,1,1,5.271844660194175,0.48669470649488433,1.0,1,0.0,0,0.19696969696969696,1,30,e3f817bd-6d7a-4e13-abe0-077769bee533,103,0.0,person,person,121,1,13,office0,closet door,40,0.6666666666666666,0.9090909090909091,6,0.3204682874115841,0.05825242718446602,0.941747572815534,0.05,1.0,1
True,False,False,3,1.0,0,unknown,5,"{""0"": 3}","{""unknown"": 3}",True,True,True,True,0.4,2,True,False,False,False,3,0,False,False,True,True,0.0,0,0.7595417907316206,0.8787878787878788,1,0.8787878787878788,1.0,all_history,963,0.4696969696969697,0.0,0.7165109034267912,5,rug,5,True,True,"[{""gt_id"": 5, ""gt_label"": ""rug"", ""pred_fraction"": 0.7165109034267912, ""voxels"": 690}, {""gt_id"": 44, ""gt_label"": ""desk-organizer"", ""pred_fraction"": 0.4569055036344756, ""voxels"": 440}, {""gt_id"": 0, ""gt_label"": ""unknown"", ""pred_fraction"": 0.004153686396677051, ""voxels"": 4}]",True,True,False,0.4569055036344756,44,desk-organizer,2,0.7673935617860852,739,True,True,False,"{""1"": 5, ""108"": 19, ""117"": 93, ""127"": 2374, ""131"": 19701, ""136"": 10, ""141"": 45, ""143"": 53, ""160"": 20, ""165"": 146, ""183"": 154, ""184"": 121, ""187"": 20, ""197"": 28, ""25"": 26, ""27"": 9, ""29"": 4, ""40"": 24, ""42"": 12, ""45"": 15, ""51"": 7, ""65"": 5}",0.1846106802317975,1.0,1,1,23.770508826583594,0.12731945949850595,9.0,5,0.4,2,0.19696969696969696,5,20,c24d74d6-16cb-4111-b207-79e4c653454b,963,0.0,potted plant,potted plant,131,3,14,office0,plant,127,0.0012658227848101266,0.30303030303030304,790,0.02100184486807532,0.0020768431983385254,0.9968847352024922,0.05,1.0,3
False,False,False,1,1.0,9,sofa,1,"{""9"": 1}","{""sofa"": 1}",False,False,False,False,0.0,0,True,False,False,False,1,0,False,False,False,False,0.0,0,0.49753596309214826,0.8787878787878788,1,0.6666666666666666,1.0,all_history,95,0.4696969696969697,0.0,1.0,8,wall,1,False,True,"[{""gt_id"": 8, ""gt_label"": ""wall"", ""pred_fraction"": 1.0, ""voxels"": 95}, {""gt_id"": 9, ""gt_label"": ""sofa"", ""pred_fraction"": 1.0, ""voxels"": 95}, {""gt_id"": 58, ""gt_label"": ""table"", ""pred_fraction"": 0.9578947368421052, ""voxels"": 91}, {""gt_id"": 4, ""gt_label"": ""chair"", ""pred_fraction"": 0.9157894736842105, ""voxels"": 87}]",True,True,False,1.0,9,sofa,4,1.0,95,True,False,False,"{""125"": 95, ""14"": 1, ""159"": 223, ""53"": 181}",0.7616830762953153,1.0,1,1,5.2631578947368425,0.45082599873881185,1.0,1,0.0,0,0.19696969696969696,1,31,1bbcdac1-983a-480e-b589-d152c490f1b6,95,0.0,pillow,pillow,125,1,15,office0,sofa chair,159,0.5294117647058824,0.8787878787878788,17,0.48849313631394436,0.10526315789473684,0.8421052631578947,0.05,1.0,1
