accepted_3d,elapsed_seconds,filtered_2d,processed_frame,raw_detections,raw_frame
9,0.6481031971052289,9,0,20,0
9,0.4186131050810218,9,1,16,5
9,0.4237271947786212,9,2,16,10
12,0.4880940821021795,12,3,17,15
10,0.4242406012490392,10,4,16,20
13,0.5404284279793501,13,5,17,25
11,0.4726288840174675,11,6,15,30
12,0.5063019208610058,12,7,20,35
13,0.5683204447850585,13,8,18,40
14,0.6220051711425185,14,9,23,45
10,0.45040117017924786,10,10,21,50
11,0.4880522806197405,11,11,18,55
13,0.5506518017500639,13,12,21,60
12,0.4983782386407256,12,13,17,65
9,0.4075484285131097,9,14,16,70
12,0.48450936935842037,12,15,22,75
12,0.4314493993297219,12,16,17,80
10,0.31919822189956903,10,17,15,85
5,0.17187393549829721,5,18,9,90
6,0.16429375857114792,6,19,12,95
6,0.16616235300898552,6,20,15,100
5,0.1381136579439044,5,21,14,105
7,0.1947161015123129,7,22,13,110
8,0.23370730131864548,8,23,15,115
8,0.2208707295358181,8,24,16,120
8,0.25472843647003174,8,25,15,125
8,0.27674259059131145,8,26,17,130
6,0.25939617957919836,6,27,16,135
8,0.36757700983434916,8,28,16,140
5,0.24865646474063396,5,29,16,145
10,0.4007628234103322,10,30,11,150
9,0.4112229496240616,9,31,13,155
11,0.6860574064776301,11,32,13,160
6,0.4183906111866236,6,33,9,165
6,0.43479261081665754,6,34,12,170
8,0.49749200139194727,8,35,14,175
4,0.21105804294347763,4,36,13,180
6,0.3648342341184616,6,37,14,185
4,0.19798905681818724,4,38,11,190
5,0.2568045649677515,5,39,11,195
7,0.34628880955278873,7,40,12,200
9,0.41994736809283495,9,41,13,205
5,0.29742495343089104,5,42,14,210
6,0.32216559536755085,6,43,11,215
6,0.32711022160947323,6,44,12,220
7,0.33043147996068,7,45,10,225
6,0.3119848622009158,6,46,8,230
7,0.35304812621325254,7,47,8,235
6,0.30933938082307577,6,48,10,240
5,0.23569804523140192,5,49,15,245
3,0.1940793003886938,3,50,10,250
5,0.2609148481860757,5,51,9,255
3,0.1708001336082816,3,52,10,260
1,0.10757757350802422,1,53,9,265
2,0.14437846653163433,2,54,7,270
2,0.14601084310561419,2,55,5,275
3,0.18600831180810928,3,56,6,280
2,0.13745620474219322,2,57,4,285
1,0.10593334399163723,1,58,8,290
0,0.07922569196671247,0,59,10,295
0,0.06832827255129814,0,60,6,300
0,0.09291736874729395,0,61,9,305
0,0.09045029804110527,0,62,8,310
1,0.13842841796576977,1,63,9,315
1,0.10962219722568989,1,64,7,320
1,0.11563486140221357,1,65,10,325
1,0.1364067466929555,1,66,11,330
2,0.13488121330738068,2,67,12,335
1,0.11601149942725897,1,68,10,340
2,0.17010254226624966,2,69,11,345
1,0.15121346060186625,1,70,17,350
2,0.15339322108775377,2,71,13,355
2,0.1459723450243473,2,72,13,360
4,0.17440381832420826,4,73,13,365
3,0.1839811084792018,3,74,11,370
4,0.2095401557162404,4,75,12,375
6,0.23796498775482178,6,76,16,380
4,0.20323436334729195,4,77,16,385
7,0.22130491398274899,7,78,14,390
7,0.2358961310237646,7,79,12,395
6,0.20199679117649794,6,80,13,400
8,0.23506037890911102,8,81,15,405
8,0.21132389083504677,8,82,12,410
3,0.17846552841365337,3,83,18,415
5,0.1858204696327448,5,84,14,420
5,0.19580216985195875,5,85,13,425
5,0.21263710223138332,5,86,17,430
9,0.2576200161129236,9,87,17,435
5,0.1671835482120514,5,88,12,440
7,0.3044183449819684,7,89,15,445
7,0.27205047756433487,7,90,12,450
5,0.20778653863817453,5,91,10,455
4,0.20432876236736774,4,92,11,460
3,0.2018081620335579,3,93,8,465
5,0.1552558746188879,5,94,11,470
4,0.14999488182365894,4,95,10,475
6,0.26063308771699667,6,96,13,480
5,0.2073858380317688,5,97,12,485
4,0.15025284886360168,4,98,10,490
3,0.18399035278707743,3,99,11,495
5,0.23815234750509262,5,100,12,500
3,0.17319629061967134,3,101,12,505
5,0.17190360091626644,5,102,12,510
7,0.2022586679086089,7,103,14,515
6,0.259362880140543,6,104,12,520
6,0.2572423303499818,6,105,13,525
7,0.2920424910262227,7,106,16,530
5,0.188614915125072,5,107,17,535
5,0.14388776384294033,5,108,16,540
4,0.18106599245220423,4,109,15,545
3,0.2250409908592701,3,110,13,550
6,0.2185086142271757,6,111,11,555
3,0.15963883511722088,3,112,11,560
7,0.24704091250896454,7,113,14,565
6,0.20523084048181772,6,114,14,570
6,0.325706223025918,6,115,14,575
6,0.2767622461542487,6,116,12,580
6,0.25185973662883043,6,117,13,585
5,0.20889187883585691,5,118,16,590
6,0.2538467366248369,6,119,13,595
5,0.2639240697026253,5,120,11,600
4,0.18464900460094213,4,121,16,605
7,0.20385931618511677,7,122,14,610
8,0.300814020447433,8,123,13,615
6,0.34666078444570303,6,124,12,620
5,0.1963283782824874,5,125,13,625
8,0.3123947773128748,8,126,14,630
6,0.36178454477339983,6,127,11,635
5,0.23373899888247252,5,128,14,640
5,0.2435226747766137,5,129,12,645
4,0.2001096922904253,4,130,13,650
4,0.16408663522452116,4,131,15,655
3,0.1792078884318471,3,132,17,660
3,0.2435208484530449,3,133,19,665
2,0.1309988209977746,2,134,16,670
4,0.17974312976002693,4,135,19,675
3,0.21331722009927034,3,136,18,680
1,0.16262581571936607,1,137,13,685
1,0.10679698083549738,1,138,12,690
1,0.1303549874573946,1,139,12,695
2,0.22094508819282055,2,140,10,700
2,0.20457150880247355,2,141,12,705
2,0.15746301133185625,2,142,6,710
2,0.2212962545454502,2,143,6,715
3,0.1965219173580408,3,144,5,720
3,0.19299740344285965,3,145,7,725
4,0.28757617250084877,4,146,9,730
3,0.18862652778625488,3,147,10,735
5,0.3745183376595378,5,148,10,740
4,0.20651088748127222,4,149,7,745
5,0.35647382866591215,5,150,13,750
8,0.39542046654969454,8,151,12,755
11,0.4384554009884596,11,152,19,760
13,0.5860327556729317,13,153,21,765
13,0.5243375524878502,13,154,24,770
12,0.5524264536798,12,155,24,775
14,0.6592356814071536,14,156,26,780
16,1.139933886937797,16,157,28,785
18,1.1295282701030374,18,158,28,790
15,1.001097404398024,15,159,25,795
16,1.0286705950275064,16,160,24,800
17,1.0610850062221289,17,161,29,805
15,0.8188097216188908,15,162,26,810
14,0.712933698669076,14,163,28,815
13,0.5659434171393514,13,164,24,820
14,0.6256501069292426,14,165,26,825
13,0.552528589963913,13,166,21,830
17,0.6428921734914184,17,167,21,835
13,0.5687580741941929,13,168,19,840
15,0.6142823183909059,15,169,18,845
15,0.6273693684488535,15,170,18,850
13,0.5935359355062246,13,171,18,855
11,0.4574581850320101,11,172,15,860
10,0.5011495472863317,10,173,16,865
12,0.5431434642523527,12,174,21,870
11,0.4121204912662506,11,175,17,875
11,0.4204198718070984,11,176,22,880
10,0.4453290831297636,10,177,20,885
15,0.6453459663316607,15,178,30,890
15,0.5843204893171787,15,179,31,895
12,0.5161404209211469,12,180,26,900
12,0.45851825177669525,12,181,24,905
12,0.5489199934527278,12,182,31,910
7,0.38271935004740953,7,183,28,915
9,0.4587001660838723,9,184,24,920
9,0.3942807484418154,9,185,32,925
10,0.46688426565378904,10,186,23,930
10,0.48605658393353224,10,187,24,935
9,0.4688081331551075,9,188,23,940
7,0.29555082973092794,7,189,20,945
12,0.5859590154141188,12,190,27,950
8,0.3511452479287982,8,191,24,955
5,0.2788789002224803,5,192,16,960
1,0.13279245235025883,1,193,17,965
6,0.43018596805632114,6,194,16,970
5,0.3327923081815243,5,195,11,975
4,0.2541258381679654,4,196,13,980
3,0.2645743805915117,3,197,13,985
5,0.3209993625059724,5,198,10,990
5,0.3075644429773092,5,199,9,995
4,0.3076303079724312,4,200,9,1000
4,0.27694802451878786,4,201,11,1005
4,0.3306048596277833,4,202,9,1010
4,0.2782744439318776,4,203,13,1015
6,0.5232755523175001,6,204,12,1020
6,0.36720519699156284,6,205,12,1025
5,0.3544771708548069,5,206,13,1030
6,0.36841168999671936,6,207,14,1035
6,0.4069416718557477,6,208,15,1040
3,0.2656586393713951,3,209,17,1045
6,0.351591425947845,6,210,14,1050
5,0.3314773263409734,5,211,11,1055
7,0.4043003562837839,7,212,13,1060
9,0.5288436412811279,9,213,10,1065
8,0.41000757832080126,8,214,12,1070
6,0.31375805474817753,6,215,15,1075
8,0.5350239770486951,8,216,16,1080
5,0.5330874668434262,5,217,16,1085
8,0.706715177744627,8,218,14,1090
7,0.6043526511639357,7,219,14,1095
7,0.5143099837005138,7,220,14,1100
8,0.5346562610939145,8,221,15,1105
9,0.5855724913999438,9,222,17,1110
10,0.6458843247964978,10,223,17,1115
10,0.5669073201715946,10,224,20,1120
10,0.5067907925695181,10,225,17,1125
7,0.36987063381820917,7,226,15,1130
11,0.516482274979353,11,227,19,1135
11,0.5313624227419496,11,228,18,1140
12,0.5765667110681534,12,229,22,1145
10,0.4980781013146043,10,230,21,1150
8,0.37984831258654594,8,231,17,1155
11,0.4487560288980603,11,232,27,1160
13,0.6394496066495776,13,233,20,1165
18,1.0718400571495295,18,234,28,1170
17,0.8716134140267968,17,235,23,1175
11,0.7455477211624384,11,236,18,1180
16,0.9535080967471004,16,237,29,1185
18,1.217161875218153,18,238,26,1190
17,0.9916293071582913,17,239,32,1195
15,0.8869001595303416,15,240,26,1200
15,0.8649509325623512,15,241,26,1205
15,0.6317349709570408,15,242,19,1210
19,0.788128393702209,19,243,25,1215
16,0.6659231195226312,16,244,25,1220
17,0.6388768563047051,17,245,26,1225
17,0.6353536788374186,17,246,29,1230
17,0.6996810315176845,17,247,30,1235
16,0.5956878075376153,16,248,30,1240
17,0.6587349949404597,17,249,29,1245
13,0.6309233354404569,13,250,26,1250
15,0.6362019553780556,15,251,25,1255
13,0.6162629835307598,13,252,22,1260
15,0.6537824515253305,15,253,20,1265
11,0.4584485637024045,11,254,22,1270
13,0.5916362022981048,13,255,19,1275
13,0.5722367335110903,13,256,23,1280
12,0.5656170006841421,12,257,18,1285
14,0.877201865427196,14,258,20,1290
17,0.884754546917975,17,259,24,1295
15,0.9062572121620178,15,260,20,1300
12,0.67407260928303,12,261,19,1305
11,0.578036249615252,11,262,19,1310
16,0.6893993746489286,16,263,20,1315
14,0.6089705592021346,14,264,20,1320
15,0.6005075303837657,15,265,21,1325
15,0.671681385487318,15,266,23,1330
14,0.6152963330969214,14,267,23,1335
14,0.5704327961429954,14,268,21,1340
10,0.4595429990440607,10,269,19,1345
15,0.6607917631044984,15,270,21,1350
14,0.5757278027012944,14,271,19,1355
15,0.6779339956119657,15,272,20,1360
13,0.6160648055374622,13,273,20,1365
10,0.44739398267120123,10,274,23,1370
12,0.5327599374577403,12,275,20,1375
11,0.5080018891021609,11,276,19,1380
12,0.5607096683233976,12,277,25,1385
13,0.5925209261476994,13,278,30,1390
13,0.551285152323544,13,279,23,1395
14,0.7415287578478456,14,280,25,1400
12,0.611977563239634,12,281,25,1405
16,0.6664690179750323,16,282,24,1410
14,0.5038142930716276,14,283,22,1415
18,0.6628168728202581,18,284,24,1420
17,0.6527250641956925,17,285,25,1425
16,0.6684598075225949,16,286,28,1430
14,0.5347489034757018,14,287,20,1435
18,0.643733561038971,18,288,20,1440
14,0.5954639259725809,14,289,24,1445
14,0.5732684647664428,14,290,17,1450
13,0.5454333499073982,13,291,25,1455
14,0.5532012386247516,14,292,21,1460
14,0.5790586229413748,14,293,21,1465
12,0.44572018925100565,12,294,18,1470
14,0.552662530913949,14,295,21,1475
14,0.6665778942406178,14,296,21,1480
13,0.7096868855878711,13,297,20,1485
12,0.6626004818826914,12,298,23,1490
12,0.6291650952771306,12,299,18,1495
10,0.6313745314255357,10,300,20,1500
12,0.5520536005496979,12,301,21,1505
10,0.44650482200086117,10,302,17,1510
12,0.4812231743708253,12,303,18,1515
11,0.40830765943974257,11,304,20,1520
15,0.48862980119884014,15,305,16,1525
9,0.3767031328752637,9,306,11,1530
10,0.30367105454206467,10,307,13,1535
10,0.35499737598001957,10,308,13,1540
6,0.30238665733486414,6,309,8,1545
6,0.23447020910680294,6,310,9,1550
4,0.22363340482115746,4,311,8,1555
7,0.3124785292893648,7,312,10,1560
7,0.27285927161574364,7,313,10,1565
8,0.2951785111799836,8,314,11,1570
5,0.28054641373455524,5,315,10,1575
4,0.27186017762869596,4,316,10,1580
5,0.24052919540554285,5,317,9,1585
5,0.30582770239561796,5,318,9,1590
3,0.2408973490819335,3,319,10,1595
4,0.23587032221257687,4,320,11,1600
3,0.1616752753034234,3,321,7,1605
2,0.18749629985541105,2,322,6,1610
3,0.21147196367383003,3,323,6,1615
3,0.20693059917539358,3,324,7,1620
3,0.22126711811870337,3,325,4,1625
3,0.16431073006242514,3,326,5,1630
3,0.16419297456741333,3,327,5,1635
3,0.19220180809497833,3,328,4,1640
3,0.25085814855992794,3,329,4,1645
1,0.13214927818626165,1,330,3,1650
1,0.14754111412912607,1,331,3,1655
0,0.0672737704589963,0,332,3,1660
0,0.08998303301632404,0,333,1,1665
0,0.0676510501652956,0,334,1,1670
0,0.05066049192100763,0,335,1,1675
0,0.044627418741583824,0,336,0,1680
0,0.04416589066386223,0,337,0,1685
0,0.04384335409849882,0,338,0,1690
0,0.044174253940582275,0,339,0,1695
0,0.05165607202798128,0,340,1,1700
0,0.04923511762171984,0,341,1,1705
0,0.04366505239158869,0,342,0,1710
0,0.04286704957485199,0,343,0,1715
0,0.055924417451024055,0,344,3,1720
1,0.13259642012417316,1,345,1,1725
1,0.1258987756446004,1,346,1,1730
1,0.1530385809019208,1,347,5,1735
3,0.22123027127236128,3,348,5,1740
4,0.28119359258562326,4,349,6,1745
4,0.23440130800008774,4,350,6,1750
3,0.23324643541127443,3,351,8,1755
4,0.19835111778229475,4,352,6,1760
2,0.13813045900315046,2,353,9,1765
3,0.18992065452039242,3,354,9,1770
2,0.14235513843595982,2,355,9,1775
6,0.17308130487799644,6,356,10,1780
4,0.1554952086880803,4,357,9,1785
7,0.45392652321606874,7,358,16,1790
7,0.44869690388441086,7,359,15,1795
5,0.2598434193059802,5,360,14,1800
5,0.23996600322425365,5,361,13,1805
6,0.28616755455732346,6,362,13,1810
6,0.3526706760749221,6,363,12,1815
8,0.34976830519735813,8,364,14,1820
3,0.25295308511704206,3,365,18,1825
6,0.3511558286845684,6,366,13,1830
6,0.26860228925943375,6,367,15,1835
6,0.3093611327931285,6,368,17,1840
5,0.2904916424304247,5,369,17,1845
6,0.27606636844575405,6,370,14,1850
9,0.3497687540948391,9,371,17,1855
9,0.44172749388962984,9,372,16,1860
10,0.4148416491225362,10,373,18,1865
7,0.3548460444435477,7,374,16,1870
7,0.2570735430344939,7,375,15,1875
11,0.521259224973619,11,376,21,1880
7,0.39862851798534393,7,377,21,1885
10,0.49954700749367476,10,378,21,1890
6,0.36126681324094534,6,379,18,1895
10,0.4060044139623642,10,380,17,1900
8,0.4486485766246915,8,381,18,1905
12,0.5275668585672975,12,382,16,1910
10,0.5284384218975902,10,383,16,1915
12,0.8317648535594344,12,384,19,1920
13,0.8127564461901784,13,385,20,1925
9,0.6635659886524081,9,386,18,1930
9,0.5832702489569783,9,387,16,1935
7,0.5194567497819662,7,388,20,1940
9,0.5902293743565679,9,389,15,1945
8,0.5041261622682214,8,390,14,1950
8,0.5636740401387215,8,391,13,1955
8,0.3457451807335019,8,392,13,1960
8,0.41231578681617975,8,393,11,1965
5,0.2479467187076807,5,394,14,1970
7,0.3750265585258603,7,395,14,1975
6,0.3193162027746439,6,396,16,1980
5,0.35318843740969896,5,397,13,1985
5,0.26453431602567434,5,398,14,1990
6,0.42819921020418406,6,399,15,1995
