ap_lift,auroc,average_precision,error_fraction_threshold,family,minimum_support,n,positives,prevalence,scene,score
0.14520697167755986,0.696969696969697,0.4981481481481481,0.1,association,3,17,6,0.35294117647058826,room0,voxel_second_region_residual
0.14520697167755986,0.696969696969697,0.4981481481481481,0.2,association,3,17,6,0.35294117647058826,room0,voxel_second_region_residual
0.23415032679738562,0.7884615384615385,0.46944444444444444,0.3,association,3,17,4,0.23529411764705882,room0,voxel_second_region_residual
0.17908496732026144,0.738095238095238,0.35555555555555557,0.4,association,3,17,3,0.17647058823529413,room0,voxel_second_region_residual
0.3007625272331154,0.7727272727272727,0.6537037037037037,0.1,association,3,17,6,0.35294117647058826,room0,voxel_owner_entropy_residual
0.3007625272331154,0.7727272727272727,0.6537037037037037,0.2,association,3,17,6,0.35294117647058826,room0,voxel_owner_entropy_residual
0.36470588235294116,0.75,0.6,0.3,association,3,17,4,0.23529411764705882,room0,voxel_owner_entropy_residual
0.4901960784313725,0.8333333333333333,0.6666666666666666,0.4,association,3,17,3,0.17647058823529413,room0,voxel_owner_entropy_residual
0.005193744164332326,0.3939393939393939,0.3581349206349206,0.1,association,3,17,6,0.35294117647058826,room0,framebalanced_disagreement_residual
0.005193744164332326,0.3939393939393939,0.3581349206349206,0.2,association,3,17,6,0.35294117647058826,room0,framebalanced_disagreement_residual
0.11887254901960781,0.5961538461538461,0.35416666666666663,0.3,association,3,17,4,0.23529411764705882,room0,framebalanced_disagreement_residual
0.14760348583877994,0.5952380952380952,0.32407407407407407,0.4,association,3,17,3,0.17647058823529413,room0,framebalanced_disagreement_residual
0.03891043596925953,0.4242424242424242,0.3918516124398478,0.1,association,3,17,6,0.35294117647058826,room0,nonspatial_label_entropy_residual
0.03891043596925953,0.4242424242424242,0.3918516124398478,0.2,association,3,17,6,0.35294117647058826,room0,nonspatial_label_entropy_residual
0.16946778711484595,0.6346153846153846,0.40476190476190477,0.3,association,3,17,4,0.23529411764705882,room0,nonspatial_label_entropy_residual
0.05236539060068471,0.5,0.22883597883597884,0.4,association,3,17,3,0.17647058823529413,room0,nonspatial_label_entropy_residual
0.09774424921483743,0.43939393939393934,0.4506854256854257,0.1,association,3,17,6,0.35294117647058826,room0,num_detections
0.09774424921483743,0.43939393939393934,0.4506854256854257,0.2,association,3,17,6,0.35294117647058826,room0,num_detections
-0.04182369917664036,0.25,0.19347041847041846,0.3,association,3,17,4,0.23529411764705882,room0,num_detections
-0.012160823925529807,0.30952380952380953,0.16430976430976432,0.4,association,3,17,3,0.17647058823529413,room0,num_detections
-0.01691492407306283,0.20833333333333334,0.9430850759269371,0.1,mask,3,25,24,0.96,room0,voxel_second_region_residual
-0.01691492407306283,0.20833333333333334,0.9430850759269371,0.2,mask,3,25,24,0.96,room0,voxel_second_region_residual
-0.0036895444978340963,0.34782608695652173,0.9163104555021659,0.3,mask,3,25,23,0.92,room0,voxel_second_region_residual
0.020744630920936258,0.45454545454545453,0.9007446309209363,0.4,mask,3,25,22,0.88,room0,voxel_second_region_residual
-0.01691492407306283,0.20833333333333334,0.9430850759269371,0.1,mask,3,25,24,0.96,room0,voxel_owner_entropy_residual
-0.01691492407306283,0.20833333333333334,0.9430850759269371,0.2,mask,3,25,24,0.96,room0,voxel_owner_entropy_residual
-0.07283694299305865,0.10869565217391304,0.8471630570069414,0.3,mask,3,25,23,0.92,room0,voxel_owner_entropy_residual
-0.053885403334766435,0.27272727272727276,0.8261145966652336,0.4,mask,3,25,22,0.88,room0,voxel_owner_entropy_residual
0.016483506200367426,0.5416666666666666,0.9764835062003674,0.1,mask,3,25,24,0.96,room0,framebalanced_disagreement_residual
0.016483506200367426,0.5416666666666666,0.9764835062003674,0.2,mask,3,25,24,0.96,room0,framebalanced_disagreement_residual
-0.0008228459789616505,0.3695652173913043,0.9191771540210384,0.3,mask,3,25,23,0.92,room0,framebalanced_disagreement_residual
-0.005481723681086792,0.3333333333333333,0.8745182763189132,0.4,mask,3,25,22,0.88,room0,framebalanced_disagreement_residual
0.030907561641257297,0.7916666666666666,0.9909075616412573,0.1,mask,3,25,24,0.96,room0,nonspatial_label_entropy_residual
0.030907561641257297,0.7916666666666666,0.9909075616412573,0.2,mask,3,25,24,0.96,room0,nonspatial_label_entropy_residual
0.02494262802147007,0.5434782608695652,0.9449426280214701,0.3,mask,3,25,23,0.92,room0,nonspatial_label_entropy_residual
0.028940478214025345,0.48484848484848486,0.9089404782140253,0.4,mask,3,25,22,0.88,room0,nonspatial_label_entropy_residual
-0.0109625431206819,0.25,0.9490374568793181,0.1,mask,3,25,24,0.96,room0,num_detections
-0.0109625431206819,0.25,0.9490374568793181,0.2,mask,3,25,24,0.96,room0,num_detections
0.01744834884526858,0.5,0.9374483488452686,0.3,mask,3,25,23,0.92,room0,num_detections
-0.015264731780658347,0.3636363636363637,0.8647352682193417,0.4,mask,3,25,22,0.88,room0,num_detections
0.11904761904761901,0.6599999999999999,0.45238095238095233,0.1,association,5,15,5,0.3333333333333333,room0,voxel_second_region_residual
0.11904761904761901,0.6599999999999999,0.45238095238095233,0.2,association,5,15,5,0.3333333333333333,room0,voxel_second_region_residual
0.20277777777777772,0.7499999999999999,0.40277777777777773,0.3,association,5,15,3,0.2,room0,voxel_second_region_residual
0.1583333333333333,0.6923076923076923,0.29166666666666663,0.4,association,5,15,2,0.13333333333333333,room0,voxel_second_region_residual
0.3311111111111111,0.78,0.6644444444444444,0.1,association,5,15,5,0.3333333333333333,room0,voxel_owner_entropy_residual
0.3311111111111111,0.78,0.6644444444444444,0.2,association,5,15,5,0.3333333333333333,room0,voxel_owner_entropy_residual
0.4666666666666666,0.8055555555555556,0.6666666666666666,0.3,association,5,15,3,0.2,room0,voxel_owner_entropy_residual
0.7,0.9615384615384616,0.8333333333333333,0.4,association,5,15,2,0.13333333333333333,room0,voxel_owner_entropy_residual
-0.044761904761904725,0.32,0.2885714285714286,0.1,association,5,15,5,0.3333333333333333,room0,framebalanced_disagreement_residual
-0.044761904761904725,0.32,0.2885714285714286,0.2,association,5,15,5,0.3333333333333333,room0,framebalanced_disagreement_residual
0.05079365079365078,0.5277777777777778,0.2507936507936508,0.3,association,5,15,3,0.2,room0,framebalanced_disagreement_residual
0.0380952380952381,0.4615384615384615,0.17142857142857143,0.4,association,5,15,2,0.13333333333333333,room0,framebalanced_disagreement_residual
0.004545454545454575,0.33999999999999997,0.3378787878787879,0.1,association,5,15,5,0.3333333333333333,room0,nonspatial_label_entropy_residual
0.004545454545454575,0.33999999999999997,0.3378787878787879,0.2,association,5,15,5,0.3333333333333333,room0,nonspatial_label_entropy_residual
0.13333333333333336,0.5555555555555556,0.33333333333333337,0.3,association,5,15,3,0.2,room0,nonspatial_label_entropy_residual
0.012499999999999983,0.34615384615384615,0.14583333333333331,0.4,association,5,15,2,0.13333333333333333,room0,nonspatial_label_entropy_residual
0.1557326007326008,0.52,0.4890659340659341,0.1,association,5,15,5,0.3333333333333333,room0,num_detections
0.1557326007326008,0.52,0.4890659340659341,0.2,association,5,15,5,0.3333333333333333,room0,num_detections
-0.014743589743589747,0.3055555555555555,0.18525641025641026,0.3,association,5,15,3,0.2,room0,num_detections
0.029166666666666674,0.4230769230769231,0.1625,0.4,association,5,15,2,0.13333333333333333,room0,num_detections
-0.014898625998018611,0.22727272727272727,0.9416231131324162,0.1,mask,5,23,22,0.9565217391304348,room0,voxel_second_region_residual
-0.014898625998018611,0.22727272727272727,0.9416231131324162,0.2,mask,5,23,22,0.9565217391304348,room0,voxel_second_region_residual
-0.00028343114799633806,0.3571428571428571,0.9127600471128732,0.3,mask,5,23,21,0.9130434782608695,room0,voxel_second_region_residual
0.027404706184320005,0.4666666666666667,0.8969699235756243,0.4,mask,5,23,20,0.8695652173913043,room0,voxel_second_region_residual
-0.02247438357377618,0.18181818181818182,0.9340473555566586,0.1,mask,5,23,22,0.9565217391304348,room0,voxel_owner_entropy_residual
-0.02247438357377618,0.18181818181818182,0.9340473555566586,0.2,mask,5,23,22,0.9565217391304348,room0,voxel_owner_entropy_residual
-0.07900774915802888,0.09523809523809523,0.8340357291028406,0.3,mask,5,23,21,0.9130434782608695,room0,voxel_owner_entropy_residual
-0.05796416105954738,0.26666666666666666,0.8116010563317569,0.4,mask,5,23,20,0.8695652173913043,room0,voxel_owner_entropy_residual
0.018289271962606435,0.5454545454545454,0.9748110110930412,0.1,mask,5,23,22,0.9565217391304348,room0,framebalanced_disagreement_residual
0.018289271962606435,0.5454545454545454,0.9748110110930412,0.2,mask,5,23,22,0.9565217391304348,room0,framebalanced_disagreement_residual
0.0030743222097570078,0.38095238095238093,0.9161178004706265,0.3,mask,5,23,21,0.9130434782608695,room0,framebalanced_disagreement_residual
0.001632908537522293,0.35,0.8711981259288266,0.4,mask,5,23,20,0.8695652173913043,room0,framebalanced_disagreement_residual
0.037271358417603206,0.8636363636363636,0.993793097548038,0.1,mask,5,23,22,0.9565217391304348,room0,nonspatial_label_entropy_residual
0.037271358417603206,0.8636363636363636,0.993793097548038,0.2,mask,5,23,22,0.9565217391304348,room0,nonspatial_label_entropy_residual
0.03443336830232824,0.5952380952380952,0.9474768465631977,0.3,mask,5,23,21,0.9130434782608695,room0,nonspatial_label_entropy_residual
0.0425193086441239,0.5333333333333334,0.9120845260354282,0.4,mask,5,23,20,0.8695652173913043,room0,nonspatial_label_entropy_residual
-0.00840511950451206,0.2727272727272727,0.9481166196259228,0.1,mask,5,23,22,0.9565217391304348,room0,num_detections
-0.00840511950451206,0.2727272727272727,0.9481166196259228,0.2,mask,5,23,22,0.9565217391304348,room0,num_detections
0.02385831956938478,0.5238095238095237,0.9369017978302543,0.3,mask,5,23,21,0.9130434782608695,room0,num_detections
-0.008445603636578203,0.3833333333333333,0.8611196137547261,0.4,mask,5,23,20,0.8695652173913043,room0,num_detections
0.07261904761904758,0.56,0.5726190476190476,0.1,association,10,10,5,0.5,room0,voxel_second_region_residual
0.07261904761904758,0.56,0.5726190476190476,0.2,association,10,10,5,0.5,room0,voxel_second_region_residual
0.23174603174603176,0.7142857142857143,0.5317460317460317,0.3,association,10,10,3,0.3,room0,voxel_second_region_residual
0.19285714285714284,0.625,0.39285714285714285,0.4,association,10,10,2,0.2,room0,voxel_second_region_residual
0.3766666666666667,0.8800000000000001,0.8766666666666667,0.1,association,10,10,5,0.5,room0,voxel_owner_entropy_residual
0.3766666666666667,0.8800000000000001,0.8766666666666667,0.2,association,10,10,5,0.5,room0,voxel_owner_entropy_residual
0.5333333333333332,0.8571428571428571,0.8333333333333333,0.3,association,10,10,3,0.3,room0,voxel_owner_entropy_residual
0.8,1.0,1.0,0.4,association,10,10,2,0.2,room0,voxel_owner_entropy_residual
-0.07317460317460317,0.27999999999999997,0.42682539682539683,0.1,association,10,10,5,0.5,room0,framebalanced_disagreement_residual
-0.07317460317460317,0.27999999999999997,0.42682539682539683,0.2,association,10,10,5,0.5,room0,framebalanced_disagreement_residual
0.05952380952380959,0.5238095238095238,0.3595238095238096,0.3,association,10,10,3,0.3,room0,framebalanced_disagreement_residual
0.042857142857142844,0.4375,0.24285714285714285,0.4,association,10,10,2,0.2,room0,framebalanced_disagreement_residual
0.08571428571428563,0.4,0.5857142857142856,0.1,association,10,10,5,0.5,room0,nonspatial_label_entropy_residual
0.08571428571428563,0.4,0.5857142857142856,0.2,association,10,10,5,0.5,room0,nonspatial_label_entropy_residual
0.325,0.6666666666666666,0.625,0.3,association,10,10,3,0.3,room0,nonspatial_label_entropy_residual
0.04999999999999999,0.4375,0.25,0.4,association,10,10,2,0.2,room0,nonspatial_label_entropy_residual
0.041269841269841234,0.28,0.5412698412698412,0.1,association,10,10,5,0.5,room0,num_detections
0.041269841269841234,0.28,0.5412698412698412,0.2,association,10,10,5,0.5,room0,num_detections
-0.0783068783068783,0.04761904761904763,0.2216931216931217,0.3,association,10,10,3,0.3,room0,num_detections
-0.01746031746031748,0.1875,0.18253968253968253,0.4,association,10,10,2,0.2,room0,num_detections
-0.010407350375983393,0.2631578947368421,0.9395926496240166,0.1,mask,10,20,19,0.95,room0,voxel_second_region_residual
-0.010407350375983393,0.2631578947368421,0.9395926496240166,0.2,mask,10,20,19,0.95,room0,voxel_second_region_residual
-0.010407350375983393,0.2631578947368421,0.9395926496240166,0.3,mask,10,20,19,0.95,room0,voxel_second_region_residual
0.020972865761307524,0.4722222222222222,0.9209728657613075,0.4,mask,10,20,18,0.9,room0,voxel_second_region_residual
-0.02970559599001854,0.15789473684210525,0.9202944040099814,0.1,mask,10,20,19,0.95,room0,voxel_owner_entropy_residual
-0.02970559599001854,0.15789473684210525,0.9202944040099814,0.2,mask,10,20,19,0.95,room0,voxel_owner_entropy_residual
-0.02970559599001854,0.15789473684210525,0.9202944040099814,0.3,mask,10,20,19,0.95,room0,voxel_owner_entropy_residual
0.0006024953909370412,0.41666666666666663,0.9006024953909371,0.4,mask,10,20,18,0.9,room0,voxel_owner_entropy_residual
0.0195861940912454,0.5263157894736842,0.9695861940912454,0.1,mask,10,20,19,0.95,room0,framebalanced_disagreement_residual
0.0195861940912454,0.5263157894736842,0.9695861940912454,0.2,mask,10,20,19,0.95,room0,framebalanced_disagreement_residual
0.0195861940912454,0.5263157894736842,0.9695861940912454,0.3,mask,10,20,19,0.95,room0,framebalanced_disagreement_residual
0.00918372897217068,0.3888888888888889,0.9091837289721707,0.4,mask,10,20,18,0.9,room0,framebalanced_disagreement_residual
0.04167436134195124,0.8421052631578947,0.9916743613419512,0.1,mask,10,20,19,0.95,room0,nonspatial_label_entropy_residual
0.04167436134195124,0.8421052631578947,0.9916743613419512,0.2,mask,10,20,19,0.95,room0,nonspatial_label_entropy_residual
0.04167436134195124,0.8421052631578947,0.9916743613419512,0.3,mask,10,20,19,0.95,room0,nonspatial_label_entropy_residual
0.05177027731852302,0.6388888888888888,0.951770277318523,0.4,mask,10,20,18,0.9,room0,nonspatial_label_entropy_residual
-0.010407350375983393,0.2631578947368421,0.9395926496240166,0.1,mask,10,20,19,0.95,room0,num_detections
-0.010407350375983393,0.2631578947368421,0.9395926496240166,0.2,mask,10,20,19,0.95,room0,num_detections
-0.010407350375983393,0.2631578947368421,0.9395926496240166,0.3,mask,10,20,19,0.95,room0,num_detections
-0.03863773968263129,0.19444444444444442,0.8613622603173687,0.4,mask,10,20,18,0.9,room0,num_detections
0.22641196522775464,0.8095238095238095,0.9082301470459364,0.1,association,3,22,15,0.6818181818181818,office0,voxel_second_region_residual
0.1948176336334233,0.6916666666666667,0.7402721790879687,0.2,association,3,22,12,0.5454545454545454,office0,voxel_second_region_residual
0.05417016381928669,0.5470085470085471,0.4632610729101958,0.3,association,3,22,9,0.4090909090909091,office0,voxel_second_region_residual
0.14373126873126868,0.6388888888888888,0.3255494505494505,0.4,association,3,22,4,0.18181818181818182,office0,voxel_second_region_residual
0.06999984249210256,0.6000000000000001,0.7518180243102843,0.1,association,3,22,15,0.6818181818181818,office0,voxel_owner_entropy_residual
0.04423464499896401,0.525,0.5896891904535094,0.2,association,3,22,12,0.5454545454545454,office0,voxel_owner_entropy_residual
-0.0023367551876324333,0.4957264957264957,0.4067541539032767,0.3,association,3,22,9,0.4090909090909091,office0,voxel_owner_entropy_residual
0.02998737373737373,0.513888888888889,0.21180555555555555,0.4,association,3,22,4,0.18181818181818182,office0,voxel_owner_entropy_residual
0.053615804560077085,0.5142857142857142,0.7354339863782589,0.1,association,3,22,15,0.6818181818181818,office0,framebalanced_disagreement_residual
-0.07292291471858031,0.3333333333333333,0.4725316307359651,0.2,association,3,22,12,0.5454545454545454,office0,framebalanced_disagreement_residual
-0.0960341840630799,0.24786324786324787,0.3130567250278292,0.3,association,3,22,9,0.4090909090909091,office0,framebalanced_disagreement_residual
-0.00953311394487863,0.375,0.1722850678733032,0.4,association,3,22,4,0.18181818181818182,office0,framebalanced_disagreement_residual
-0.06222162598323577,0.37142857142857144,0.619596555834946,0.1,association,3,22,15,0.6818181818181818,office0,nonspatial_label_entropy_residual
-0.0769864777894963,0.3083333333333333,0.4684680676650491,0.2,association,3,22,12,0.5454545454545454,office0,nonspatial_label_entropy_residual
-0.1234560359947357,0.1367521367521367,0.2856348730961734,0.3,association,3,22,9,0.4090909090909091,office0,nonspatial_label_entropy_residual
-0.002183397742608284,0.38888888888888884,0.17963478407557354,0.4,association,3,22,4,0.18181818181818182,office0,nonspatial_label_entropy_residual
0.17780232839056376,0.8,0.8596205102087455,0.1,association,3,22,15,0.6818181818181818,office0,num_detections
0.12017427017427007,0.7166666666666667,0.6656288156288155,0.2,association,3,22,12,0.5454545454545454,office0,num_detections
0.21981120731120735,0.7863247863247863,0.6289021164021165,0.3,association,3,22,9,0.4090909090909091,office0,num_detections
0.361038961038961,0.8888888888888888,0.5428571428571428,0.4,association,3,22,4,0.18181818181818182,office0,num_detections
0.1087443284643449,0.8500000000000001,0.9783095458556492,0.1,mask,3,23,20,0.8695652173913043,office0,voxel_second_region_residual
0.1669846002797949,0.8,0.9495932959319688,0.2,mask,3,23,18,0.782608695652174,office0,voxel_second_region_residual
0.21890908719427027,0.8035714285714286,0.9145612611073137,0.3,mask,3,23,16,0.6956521739130435,office0,voxel_second_region_residual
0.21890908719427027,0.8035714285714286,0.9145612611073137,0.4,mask,3,23,16,0.6956521739130435,office0,voxel_second_region_residual
0.04356240147320711,0.6500000000000001,0.9131276188645114,0.1,mask,3,23,20,0.8695652173913043,office0,voxel_owner_entropy_residual
0.0768730923728792,0.6111111111111112,0.8594817880250532,0.2,mask,3,23,18,0.782608695652174,office0,voxel_owner_entropy_residual
0.07593134877342023,0.6071428571428572,0.7715835226864637,0.3,mask,3,23,16,0.6956521739130435,office0,voxel_owner_entropy_residual
0.07593134877342023,0.6071428571428572,0.7715835226864637,0.4,mask,3,23,16,0.6956521739130435,office0,voxel_owner_entropy_residual
0.04356240147320711,0.6500000000000001,0.9131276188645114,0.1,mask,3,23,20,0.8695652173913043,office0,framebalanced_disagreement_residual
0.04956930048575392,0.5666666666666667,0.8321779961379279,0.2,mask,3,23,18,0.782608695652174,office0,framebalanced_disagreement_residual
0.08426576043663636,0.5892857142857144,0.7799179343496798,0.3,mask,3,23,16,0.6956521739130435,office0,framebalanced_disagreement_residual
0.08426576043663636,0.5892857142857144,0.7799179343496798,0.4,mask,3,23,16,0.6956521739130435,office0,framebalanced_disagreement_residual
0.02320528933010424,0.5833333333333334,0.8927705067214086,0.1,mask,3,23,20,0.8695652173913043,office0,nonspatial_label_entropy_residual
0.032526326451035814,0.5111111111111111,0.8151350221032098,0.2,mask,3,23,18,0.782608695652174,office0,nonspatial_label_entropy_residual
0.010211823747250715,0.5,0.7058639976602942,0.3,mask,3,23,16,0.6956521739130435,office0,nonspatial_label_entropy_residual
0.010211823747250715,0.5,0.7058639976602942,0.4,mask,3,23,16,0.6956521739130435,office0,nonspatial_label_entropy_residual
0.0924999916607977,0.775,0.962065209052102,0.1,mask,3,23,20,0.8695652173913043,office0,num_detections
0.09758756308735006,0.6166666666666666,0.880196258739524,0.2,mask,3,23,18,0.782608695652174,office0,num_detections
0.19083838001477071,0.7500000000000001,0.8864905539278142,0.3,mask,3,23,16,0.6956521739130435,office0,num_detections
0.19083838001477071,0.7500000000000001,0.8864905539278142,0.4,mask,3,23,16,0.6956521739130435,office0,num_detections
0.14794316908867988,0.7833333333333333,0.9374168532992062,0.1,association,5,19,15,0.7894736842105263,office0,voxel_second_region_residual
0.13435283326924208,0.6309523809523809,0.7659317806376631,0.2,association,5,19,12,0.631578947368421,office0,voxel_second_region_residual
0.008161467397793498,0.4666666666666667,0.48184567792410926,0.3,association,5,19,9,0.47368421052631576,office0,voxel_second_region_residual
0.1253253325621747,0.6000000000000001,0.3358516483516484,0.4,association,5,19,4,0.21052631578947367,office0,voxel_second_region_residual
-0.025161966516455747,0.3666666666666667,0.7643117176940706,0.1,association,5,19,15,0.7894736842105263,office0,voxel_owner_entropy_residual
-0.029781412115003403,0.36904761904761907,0.6017975352534176,0.2,association,5,19,12,0.631578947368421,office0,voxel_owner_entropy_residual
-0.057860473624147424,0.37777777777777777,0.41582373690216834,0.3,association,5,19,9,0.47368421052631576,office0,voxel_owner_entropy_residual
0.005445906432748532,0.43333333333333335,0.2159722222222222,0.4,association,5,19,4,0.21052631578947367,office0,voxel_owner_entropy_residual
0.016416749172167067,0.4666666666666667,0.8058904333826934,0.1,association,5,19,15,0.7894736842105263,office0,framebalanced_disagreement_residual
-0.10425597865613345,0.26190476190476186,0.5273229687122876,0.2,association,5,19,12,0.631578947368421,office0,framebalanced_disagreement_residual
-0.11836842399277897,0.19999999999999998,0.3553157865335368,0.3,association,5,19,9,0.47368421052631576,office0,framebalanced_disagreement_residual
-0.016722896986054836,0.35000000000000003,0.19380341880341884,0.4,association,5,19,4,0.21052631578947367,office0,framebalanced_disagreement_residual
-0.11028691753149955,0.23333333333333334,0.6791867666790268,0.1,association,5,19,15,0.7894736842105263,office0,nonspatial_label_entropy_residual
-0.11607344359859828,0.22619047619047622,0.5155055037698227,0.2,association,5,19,12,0.631578947368421,office0,nonspatial_label_entropy_residual
-0.14897022959458456,0.07777777777777778,0.3247139809317312,0.3,association,5,19,9,0.47368421052631576,office0,nonspatial_label_entropy_residual
-0.011010145685068279,0.3666666666666667,0.1995161701044054,0.4,association,5,19,4,0.21052631578947367,office0,nonspatial_label_entropy_residual
0.16633485909801693,0.8666666666666667,0.9558085433085433,0.1,association,5,19,15,0.7894736842105263,office0,num_detections
0.11984925405978031,0.7261904761904762,0.7514282014282013,0.2,association,5,19,12,0.631578947368421,office0,num_detections
0.24989282971739118,0.8111111111111111,0.723577040243707,0.3,association,5,19,9,0.47368421052631576,office0,num_detections
0.4353070175438596,0.9166666666666667,0.6458333333333333,0.4,association,5,19,4,0.21052631578947367,office0,num_detections
0.11235838035373613,0.8421052631578948,0.9759947439900998,0.1,mask,5,22,19,0.8636363636363636,office0,voxel_second_region_residual
0.1755119159963452,0.8,0.9482391887236179,0.2,mask,5,22,17,0.7727272727272727,office0,voxel_second_region_residual
0.23341906459553508,0.8095238095238095,0.9152372464137168,0.3,mask,5,22,15,0.6818181818181818,office0,voxel_second_region_residual
0.23341906459553508,0.8095238095238095,0.9152372464137168,0.4,mask,5,22,15,0.6818181818181818,office0,voxel_second_region_residual
0.04700332143912067,0.6491228070175439,0.9106396850754843,0.1,mask,5,22,19,0.8636363636363636,office0,voxel_owner_entropy_residual
0.07794187767553284,0.6,0.8506691504028056,0.2,mask,5,22,17,0.7727272727272727,office0,voxel_owner_entropy_residual
0.07900429807550546,0.6000000000000001,0.7608224798936872,0.3,mask,5,22,15,0.6818181818181818,office0,voxel_owner_entropy_residual
0.07900429807550546,0.6000000000000001,0.7608224798936872,0.4,mask,5,22,15,0.6818181818181818,office0,voxel_owner_entropy_residual
0.033845426702278636,0.6315789473684211,0.8974817903386423,0.1,mask,5,22,19,0.8636363636363636,office0,framebalanced_disagreement_residual
0.03090639681652252,0.5411764705882353,0.8036336695437952,0.2,mask,5,22,17,0.7727272727272727,office0,framebalanced_disagreement_residual
0.060093764164971586,0.5619047619047619,0.7419119459831534,0.3,mask,5,22,15,0.6818181818181818,office0,framebalanced_disagreement_residual
0.060093764164971586,0.5619047619047619,0.7419119459831534,0.4,mask,5,22,15,0.6818181818181818,office0,framebalanced_disagreement_residual
0.007576936850197558,0.5614035087719298,0.8712133004865612,0.1,mask,5,22,19,0.8636363636363636,office0,nonspatial_label_entropy_residual
0.008834000738936143,0.48235294117647054,0.7815612734662089,0.2,mask,5,22,17,0.7727272727272727,office0,nonspatial_label_entropy_residual
-0.03751421064888549,0.4666666666666667,0.6443039711692963,0.3,mask,5,22,15,0.6818181818181818,office0,nonspatial_label_entropy_residual
-0.03751421064888549,0.4666666666666667,0.6443039711692963,0.4,mask,5,22,15,0.6818181818181818,office0,nonspatial_label_entropy_residual
0.10329726602946387,0.8157894736842105,0.9669336296658275,0.1,mask,5,22,19,0.8636363636363636,office0,num_detections
0.11320943089974234,0.6529411764705882,0.885936703627015,0.2,mask,5,22,17,0.7727272727272727,office0,num_detections
0.21739493077728367,0.7999999999999999,0.8992131125954654,0.3,mask,5,22,15,0.6818181818181818,office0,num_detections
0.21739493077728367,0.7999999999999999,0.8992131125954654,0.4,mask,5,22,15,0.6818181818181818,office0,num_detections
0.16243997599039617,0.9285714285714286,0.985969387755102,0.1,association,10,17,14,0.8235294117647058,office0,voxel_second_region_residual
0.16485741679591948,0.712121212121212,0.8119162403253313,0.2,association,10,17,11,0.6470588235294118,office0,voxel_second_region_residual
0.036581678125795825,0.5277777777777778,0.5071699134199135,0.3,association,10,17,8,0.47058823529411764,office0,voxel_second_region_residual
0.11264960529666407,0.5769230769230769,0.3479437229437229,0.4,association,10,17,4,0.23529411764705882,office0,voxel_second_region_residual
0.0018426368216284406,0.45238095238095244,0.8253720485863343,0.1,association,10,17,14,0.8235294117647058,office0,voxel_owner_entropy_residual
0.004136571984165505,0.4393939393939394,0.6511953955135773,0.2,association,10,17,11,0.6470588235294118,office0,voxel_owner_entropy_residual
-0.01897387742975981,0.4583333333333333,0.45161435786435783,0.3,association,10,17,8,0.47058823529411764,office0,voxel_owner_entropy_residual
0.0025305576776165073,0.4230769230769231,0.23782467532467533,0.4,association,10,17,4,0.23529411764705882,office0,voxel_owner_entropy_residual
0.04956308280888111,0.5952380952380953,0.873092494573587,0.1,association,10,17,14,0.8235294117647058,office0,framebalanced_disagreement_residual
-0.08323398229815349,0.31818181818181823,0.5638248412312583,0.2,association,10,17,11,0.6470588235294118,office0,framebalanced_disagreement_residual
-0.09837861280875987,0.25,0.37220962248535777,0.3,association,10,17,8,0.47058823529411764,office0,framebalanced_disagreement_residual
-0.024661000763941954,0.32692307692307687,0.21063311688311687,0.4,association,10,17,4,0.23529411764705882,office0,framebalanced_disagreement_residual
-0.06017697871689465,0.33333333333333337,0.7633524330478112,0.1,association,10,17,14,0.8235294117647058,office0,nonspatial_label_entropy_residual
-0.07487062848025416,0.28787878787878785,0.5721881950491576,0.2,association,10,17,11,0.6470588235294118,office0,nonspatial_label_entropy_residual
-0.13988190118704824,0.09722222222222224,0.3307063341070694,0.3,association,10,17,8,0.47058823529411764,office0,nonspatial_label_entropy_residual
-0.015101809954751133,0.34615384615384615,0.2201923076923077,0.4,association,10,17,4,0.23529411764705882,office0,nonspatial_label_entropy_residual
0.13358688463730484,0.8333333333333334,0.9571162964020107,0.1,association,10,17,14,0.8235294117647058,office0,num_detections
0.09995375984680799,0.696969696969697,0.7470125833762198,0.2,association,10,17,11,0.6470588235294118,office0,num_detections
0.2684359349800527,0.8472222222222223,0.7390241702741703,0.3,association,10,17,8,0.47058823529411764,office0,num_detections
0.41053921568627444,0.9038461538461539,0.6458333333333333,0.4,association,10,17,4,0.23529411764705882,office0,num_detections
0.12509401908911733,0.8888888888888888,0.9822368762319744,0.1,mask,10,21,18,0.8571428571428571,office0,voxel_second_region_residual
0.19730392156862742,0.85,0.9592086834733893,0.2,mask,10,21,16,0.7619047619047619,office0,voxel_second_region_residual
0.20095153212800254,0.7777777777777778,0.9152372464137168,0.3,mask,10,21,15,0.7142857142857143,office0,voxel_second_region_residual
0.20095153212800254,0.7777777777777778,0.9152372464137168,0.4,mask,10,21,15,0.7142857142857143,office0,voxel_second_region_residual
0.056108123568133994,0.6851851851851852,0.9132509807109911,0.1,mask,10,21,18,0.8571428571428571,office0,voxel_owner_entropy_residual
0.09363575585276451,0.6375,0.8555405177575264,0.2,mask,10,21,16,0.7619047619047619,office0,voxel_owner_entropy_residual
0.04653676560797293,0.5333333333333333,0.7608224798936872,0.3,mask,10,21,15,0.7142857142857143,office0,voxel_owner_entropy_residual
0.04653676560797293,0.5333333333333333,0.7608224798936872,0.4,mask,10,21,15,0.7142857142857143,office0,voxel_owner_entropy_residual
0.03983828229829267,0.6481481481481481,0.8969811394411498,0.1,mask,10,21,18,0.8571428571428571,office0,framebalanced_disagreement_residual
0.041279605059113655,0.5625,0.8031843669638755,0.2,mask,10,21,16,0.7619047619047619,office0,framebalanced_disagreement_residual
0.0297907338619412,0.5,0.7440764481476555,0.3,mask,10,21,15,0.7142857142857143,office0,framebalanced_disagreement_residual
0.0297907338619412,0.5,0.7440764481476555,0.4,mask,10,21,15,0.7142857142857143,office0,framebalanced_disagreement_residual
0.012110431898873508,0.5740740740740741,0.8692532890417306,0.1,mask,10,21,18,0.8571428571428571,office0,nonspatial_label_entropy_residual
0.01782768422667813,0.49999999999999994,0.77973244613144,0.2,mask,10,21,16,0.7619047619047619,office0,nonspatial_label_entropy_residual
-0.06781724095191588,0.38888888888888884,0.6464684733337984,0.3,mask,10,21,15,0.7142857142857143,office0,nonspatial_label_entropy_residual
-0.06781724095191588,0.38888888888888884,0.6464684733337984,0.4,mask,10,21,15,0.7142857142857143,office0,nonspatial_label_entropy_residual
0.11552950952460772,0.8611111111111112,0.9726723666674648,0.1,mask,10,21,18,0.8571428571428571,office0,num_detections
0.13110753115348706,0.6937500000000001,0.8930122930582489,0.2,mask,10,21,16,0.7619047619047619,office0,num_detections
0.18492739830975113,0.7666666666666666,0.8992131125954654,0.3,mask,10,21,15,0.7142857142857143,office0,num_detections
0.18492739830975113,0.7666666666666666,0.8992131125954654,0.4,mask,10,21,15,0.7142857142857143,office0,num_detections
