map_label,num_detections,object_index,object_voxels,scale,scene,score__combined_mean,score__combined_top2_mean,score__foreign_owner_link_fraction,score__fragmentation,score__framebalanced_majority_entropy,score__framebalanced_majority_entropy_size_residual,score__framebalanced_mean_disagreement,score__framebalanced_mean_disagreement_size_residual,score__framebalanced_semantic_mean,score__frozen_combined_max,score__frozen_semantic_max,score__mean_owner_entropy,score__mean_owner_entropy_size_residual,score__multi_owner_voxel_fraction,score__nonspatial_owner_label_entropy,score__owner_overlap_mean,score__pair_conflict,score__persistent_conflict_fraction,score__semantic_mean,score__size_num_detections,score__size_object_voxels,score__voxel_majority_entropy,score__voxel_mean_disagreement,score__voxel_second_fraction,score__voxel_second_region,score__voxel_second_region_size_residual,score__voxel_vote_entropy,target__geometry_overmerge_2cm,target__geometry_overmerge_5cm,target__geometry_overmerge_7cm,target__geometry_partition_2cm,target__geometry_partition_5cm,target__geometry_partition_7cm,target__sidecar_conservative_association,target__sidecar_conservative_mask,target__sidecar_conservative_unified,target__sidecar_original_association,target__sidecar_original_mask,target__sidecar_original_unified,target__sidecar_strict_association,target__sidecar_strict_mask,target__sidecar_strict_unified
stool,109,0,344,0.05,room0,0.23429951690821252,0.3188405797101449,0.036231884057971016,0.45652173913043476,0.11594202898550725,0.14492753623188406,0.2753623188405797,0.2318840579710145,0.17572463768115942,0.45652173913043476,0.30434782608695654,0.036231884057971016,0.07246376811594203,0.036231884057971016,0.6086956521739131,0.036231884057971016,0.06521739130434782,0.18840579710144928,0.1811594202898551,0.6231884057971014,0.7536231884057971,0.11594202898550725,0.30434782608695654,0.11594202898550725,0.12318840579710146,0.014492753623188406,0.21739130434782608,,,,,,,,1,1,1,1,1,,1,1
pillow,155,1,192,0.05,room0,0.5225442834138486,0.5664251207729468,0.5797101449275363,0.45652173913043476,0.855072463768116,0.855072463768116,0.4927536231884058,0.391304347826087,0.6304347826086957,0.855072463768116,0.855072463768116,0.7971014492753623,0.9420289855072463,0.6231884057971014,0.5507246376811594,0.6666666666666666,0.43478260869565216,0.4782608695652174,0.6763285024154589,0.7101449275362319,0.6521739130434783,0.855072463768116,0.4782608695652174,0.8115942028985508,0.6956521739130435,0.6666666666666666,0.463768115942029,,,,,,,1,1,1,1,1,1,1,1,1
stool,113,2,389,0.05,room0,0.286634460547504,0.3466183574879227,0.08695652173913043,0.45652173913043476,0.2608695652173913,0.2608695652173913,0.14492753623188406,0.11594202898550725,0.20108695652173914,0.45652173913043476,0.30434782608695654,0.11594202898550725,0.18840579710144928,0.07246376811594203,0.5072463768115942,0.09178743961352658,0.16666666666666666,0.09420289855072464,0.23671497584541065,0.6376811594202898,0.782608695652174,0.2608695652173913,0.14492753623188406,0.2608695652173913,0.30434782608695654,0.30434782608695654,0.10144927536231885,,,,,,,,0,0,0,1,1,,0,0
lamp,160,3,184,0.05,room0,0.22141706924315618,0.2995169082125604,0.10144927536231885,0.45652173913043476,0.11594202898550725,0.07246376811594203,0.21739130434782608,0.10144927536231885,0.13768115942028986,0.45652173913043476,0.18840579710144928,0.07246376811594203,0.057971014492753624,0.10144927536231885,0.5797101449275363,0.09178743961352658,0.06521739130434782,0.09420289855072464,0.14251207729468598,0.7246376811594203,0.5869565217391305,0.11594202898550725,0.18840579710144928,0.11594202898550725,0.12318840579710146,0.043478260869565216,0.2898550724637681,,,,,,,0,1,1,1,1,1,1,1,1
end table,533,4,260,0.05,room0,0.4742351046698872,0.6461352657004831,0.15942028985507245,0.45652173913043476,0.7971014492753623,0.7681159420289855,0.9420289855072463,0.782608695652174,0.8369565217391304,0.9420289855072463,0.9420289855072463,0.10144927536231885,0.11594202898550725,0.14492753623188406,0.8405797101449275,0.1352657004830918,0.13043478260869565,0.8260869565217391,0.8357487922705314,0.9710144927536232,0.6956521739130435,0.782608695652174,0.9420289855072463,0.7246376811594203,0.782608695652174,0.7536231884057971,0.6811594202898551,,,,,,,0,1,1,1,1,1,0,1,1
closet door,193,5,984,0.05,room0,0.3993558776167472,0.4359903381642512,0.17391304347826086,0.45652173913043476,0.2318840579710145,0.2318840579710145,0.7971014492753623,0.7536231884057971,0.5181159420289855,0.7681159420289855,0.7681159420289855,0.3188405797101449,0.4782608695652174,0.30434782608695654,0.9710144927536232,0.26570048309178745,0.32608695652173914,0.7971014492753623,0.41545893719806765,0.7898550724637681,0.8985507246376812,0.2318840579710145,0.7681159420289855,0.2318840579710145,0.2463768115942029,0.2463768115942029,0.9710144927536232,,,,,,,,1,1,0,1,1,,1,1
window,123,6,375,0.05,room0,0.2608695652173913,0.358695652173913,0.036231884057971016,0.45652173913043476,0.3188405797101449,0.30434782608695654,0.15942028985507245,0.13043478260869565,0.21557971014492755,0.45652173913043476,0.3188405797101449,0.036231884057971016,0.08695652173913043,0.036231884057971016,0.5362318840579711,0.036231884057971016,0.06521739130434782,0.09420289855072464,0.2608695652173913,0.6521739130434783,0.7681159420289855,0.3188405797101449,0.17391304347826086,0.3188405797101449,0.2898550724637681,0.2898550724637681,0.11594202898550725,,,,,,,,0,0,1,1,1,,0,0
toaster,13,7,53,0.05,room0,0.5901771336553945,0.6570048309178744,0.7971014492753623,0.45652173913043476,0.7681159420289855,0.782608695652174,0.9565217391304348,0.9710144927536232,0.8695652173913044,0.8840579710144928,0.8840579710144928,0.5942028985507246,0.4927536231884058,0.4927536231884058,0.8985507246376812,0.6280193236714976,0.4782608695652174,0.9420289855072463,0.8357487922705314,0.42028985507246375,0.34057971014492755,0.8115942028985508,0.8840579710144928,0.7681159420289855,0.8115942028985508,0.8260869565217391,0.8840579710144928,,,,,,,,0,0,0,0,0,,0,0
power outlet,150,8,12,0.05,room0,0.3381642512077294,0.3913043478260869,0.21739130434782608,0.45652173913043476,0.11594202898550725,0.014492753623188406,0.7391304347826086,0.6086956521739131,0.48007246376811596,0.7391304347826086,0.7391304347826086,0.4927536231884058,0.2463768115942029,0.8043478260869565,0.9420289855072463,0.5048309178743962,0.2318840579710145,0.9420289855072463,0.3260869565217391,0.6956521739130435,0.10869565217391304,0.11594202898550725,0.7391304347826086,0.11594202898550725,0.12318840579710146,0.08695652173913043,0.782608695652174,,,,,,,,0,0,0,0,0,,0,0
light switch,73,9,31,0.05,room0,0.4275362318840579,0.5181159420289855,0.2898550724637681,0.45652173913043476,0.43478260869565216,0.391304347826087,0.8985507246376812,0.8405797101449275,0.6847826086956521,0.8405797101449275,0.8405797101449275,0.6376811594202898,0.4492753623188406,0.5217391304347826,0.8115942028985508,0.48309178743961345,0.2463768115942029,0.9420289855072463,0.5797101449275363,0.5507246376811594,0.17391304347826086,0.43478260869565216,0.8405797101449275,0.391304347826087,0.463768115942029,0.4782608695652174,0.8115942028985508,,,,,,,,0,0,0,0,0,,0,0
coffee kettle,196,10,95,0.05,room0,0.4710144927536232,0.5688405797101449,0.37681159420289856,0.45652173913043476,0.4782608695652174,0.4492753623188406,0.9855072463768116,0.927536231884058,0.7318840579710145,0.9710144927536232,0.9710144927536232,0.5072463768115942,0.43478260869565216,0.4492753623188406,0.7101449275362319,0.4444444444444445,0.2753623188405797,0.9420289855072463,0.6811594202898551,0.8115942028985508,0.43478260869565216,0.5507246376811594,0.9710144927536232,0.4927536231884058,0.5217391304347826,0.5072463768115942,0.5797101449275363,,,,,,,,0,0,0,1,1,,0,0
book,69,11,71,0.05,room0,0.6264090177133655,0.711352657004831,0.7391304347826086,0.45652173913043476,0.9855072463768116,0.9855072463768116,0.7681159420289855,0.7246376811594203,0.8260869565217392,0.9855072463768116,0.9855072463768116,0.8840579710144928,0.8985507246376812,0.855072463768116,0.5942028985507246,0.8260869565217392,0.5869565217391305,0.7101449275362319,0.8357487922705314,0.5362318840579711,0.391304347826087,0.9855072463768116,0.6811594202898551,0.9710144927536232,0.8405797101449275,0.8405797101449275,0.6521739130434783,,,,,,,,1,1,1,1,1,,1,1
cabinet,251,12,1309,0.05,room0,0.5056360708534622,0.5301932367149759,0.2608695652173913,0.45652173913043476,0.36231884057971014,0.34782608695652173,0.6376811594202898,0.5652173913043478,0.5217391304347826,0.6376811594202898,0.6376811594202898,0.2608695652173913,0.42028985507246375,0.2463768115942029,0.6521739130434783,0.2560386473429952,0.5869565217391305,0.6666666666666666,0.4734299516908213,0.8985507246376812,0.927536231884058,0.36231884057971014,0.6376811594202898,0.37681159420289856,0.42028985507246375,0.37681159420289856,0.34782608695652173,,,,,,,,0,0,1,1,1,,0,0
poster,227,13,1042,0.05,room0,0.49516908212560384,0.6702898550724637,0.14492753623188406,0.45652173913043476,0.7536231884057971,0.7536231884057971,0.9710144927536232,0.9565217391304348,0.894927536231884,0.9855072463768116,0.9855072463768116,0.21739130434782608,0.36231884057971014,0.2028985507246377,0.7681159420289855,0.18840579710144925,0.14492753623188406,0.8695652173913043,0.8840579710144927,0.8695652173913043,0.9130434782608695,0.7391304347826086,0.927536231884058,1.0,0.9855072463768116,0.9565217391304348,0.5362318840579711,,,,,,,0,1,1,0,1,1,0,1,1
closet door,25,14,883,0.05,room0,0.3800322061191626,0.40700483091787437,0.7246376811594203,0.45652173913043476,0.2463768115942029,0.2753623188405797,0.6086956521739131,0.7101449275362319,0.4311594202898551,0.5652173913043478,0.5652173913043478,0.43478260869565216,0.6666666666666666,0.4057971014492754,0.7391304347826086,0.5217391304347826,0.32608695652173914,0.6086956521739131,0.357487922705314,0.4492753623188406,0.8840579710144928,0.2463768115942029,0.5652173913043478,0.2463768115942029,0.2608695652173913,0.2753623188405797,0.5217391304347826,,,,,,,,0,0,0,0,0,,0,0
sofa chair,3,15,136,0.05,room0,0.48067632850241543,0.5760869565217391,0.43478260869565216,0.45652173913043476,0.9130434782608695,0.927536231884058,0.6231884057971014,0.6956521739130435,0.7210144927536232,0.927536231884058,0.927536231884058,0.5362318840579711,0.5362318840579711,0.37681159420289856,0.9565217391304348,0.4492753623188406,0.2898550724637681,0.9420289855072463,0.6956521739130435,0.35507246376811596,0.5217391304347826,0.927536231884058,0.7536231884057971,0.7536231884057971,0.4057971014492754,0.4492753623188406,0.9420289855072463,,,,,,,,0,0,,1,1,,0,0
potted plant,27,16,102,0.05,room0,0.44847020933977455,0.5422705314009661,0.6231884057971014,0.45652173913043476,0.6956521739130435,0.6811594202898551,0.5072463768115942,0.4927536231884058,0.5942028985507246,0.7246376811594203,0.7246376811594203,0.4057971014492754,0.3188405797101449,0.3188405797101449,0.6231884057971014,0.4492753623188406,0.2608695652173913,0.4492753623188406,0.6280193236714976,0.463768115942029,0.47101449275362317,0.6956521739130435,0.463768115942029,0.6376811594202898,0.7246376811594203,0.7246376811594203,0.6666666666666666,,,,,,,,0,0,1,0,1,,0,0
lamp,29,17,4026,0.05,room0,0.5499194847020934,0.6847826086956521,0.4057971014492754,0.9130434782608695,0.3333333333333333,0.37681159420289856,0.18840579710144928,0.2608695652173913,0.2753623188405797,0.9130434782608695,0.34782608695652173,0.2028985507246377,0.37681159420289856,0.18840579710144928,0.9855072463768116,0.26570048309178745,0.45652173913043476,0.2463768115942029,0.2801932367149758,0.4782608695652174,0.9855072463768116,0.34782608695652173,0.15942028985507245,0.36231884057971014,0.3333333333333333,0.3333333333333333,0.2028985507246377,,,,,,,0,1,1,0,1,1,0,1,1
power outlet,31,18,12,0.05,room0,0.20531400966183574,0.2753623188405797,0.036231884057971016,0.45652173913043476,0.11594202898550725,0.028985507246376812,0.043478260869565216,0.014492753623188406,0.09420289855072464,0.45652173913043476,0.12318840579710146,0.036231884057971016,0.028985507246376812,0.036231884057971016,0.2391304347826087,0.036231884057971016,0.06521739130434782,0.09420289855072464,0.09420289855072463,0.4927536231884058,0.10869565217391304,0.11594202898550725,0.043478260869565216,0.11594202898550725,0.12318840579710146,0.10144927536231885,0.043478260869565216,,,,,,,,0,0,1,0,1,,0,0
sofa chair,2,20,7,0.05,room0,0.5209339774557166,0.5531400966183575,0.782608695652174,0.45652173913043476,0.9710144927536232,0.9710144927536232,0.8115942028985508,0.8840579710144928,0.7119565217391304,0.9565217391304348,0.9565217391304348,0.9710144927536232,0.8115942028985508,0.7608695652173914,0.2391304347826087,0.8381642512077295,0.45652173913043476,0.9420289855072463,0.6497584541062803,0.2826086956521739,0.06521739130434782,0.9565217391304348,0.8695652173913043,0.9130434782608695,0.12318840579710146,0.18840579710144928,0.9855072463768116,,,,,,,,1,1,,1,1,,1,1
window,4,21,316,0.05,room0,0.5040257648953301,0.536231884057971,0.8115942028985508,0.45652173913043476,0.6811594202898551,0.7101449275362319,0.2608695652173913,0.34782608695652173,0.38768115942028986,0.6811594202898551,0.6811594202898551,0.9130434782608695,1.0,0.7391304347826086,0.2391304347826087,0.821256038647343,0.6159420289855072,0.21739130434782608,0.4396135265700483,0.39855072463768115,0.7246376811594203,0.6811594202898551,0.2463768115942029,0.6086956521739131,0.391304347826087,0.391304347826087,1.0,,,,,,,,0,0,0,0,1,,0,0
pillow,173,22,284,0.05,room0,0.5008051529790659,0.5591787439613526,0.5072463768115942,0.45652173913043476,0.8115942028985508,0.8115942028985508,0.5942028985507246,0.5217391304347826,0.6521739130434783,0.7681159420289855,0.7681159420289855,0.7391304347826086,0.9130434782608695,0.6521739130434783,0.5652173913043478,0.6328502415458938,0.38405797101449274,0.5362318840579711,0.6618357487922705,0.7391304347826086,0.7101449275362319,0.7681159420289855,0.5507246376811594,0.6811594202898551,0.6666666666666666,0.6521739130434783,0.5507246376811594,,,,,,,,0,0,1,0,1,,0,0
sofa chair,81,23,515,0.05,room0,0.48953301127214166,0.5422705314009661,0.6086956521739131,0.45652173913043476,0.5652173913043478,0.5652173913043478,0.782608695652174,0.9130434782608695,0.6557971014492754,0.7246376811594203,0.7246376811594203,0.6231884057971014,0.8405797101449275,0.6376811594202898,0.9130434782608695,0.6231884057971014,0.38405797101449274,0.6811594202898551,0.6280193236714976,0.5869565217391305,0.8260869565217391,0.5652173913043478,0.7246376811594203,0.5072463768115942,0.5942028985507246,0.5942028985507246,0.8260869565217391,,,,,,,,0,0,1,0,1,,0,0
end table,1,24,36,0.05,room0,0.5772946859903382,0.6376811594202898,0.7681159420289855,0.45652173913043476,0.6014492753623188,0.6086956521739131,0.5362318840579711,0.6666666666666666,0.6177536231884058,0.7536231884057971,0.7536231884057971,1.0,0.9855072463768116,0.8043478260869565,0.2391304347826087,0.8574879227053139,0.6594202898550725,0.5797101449275363,0.6159420289855072,0.12318840579710146,0.2753623188405797,0.6014492753623188,0.4927536231884058,0.5579710144927537,0.7536231884057971,0.7681159420289855,0.5942028985507246,,,,,,,,0,0,,0,0,,0,0
sofa chair,1,25,42,0.05,room0,0.34380032206119165,0.43236714975845414,0.30434782608695654,0.45652173913043476,0.11594202898550725,0.17391304347826086,0.2028985507246377,0.2898550724637681,0.13405797101449277,0.9855072463768116,0.9855072463768116,0.2898550724637681,0.13043478260869565,0.17391304347826086,0.2391304347826087,0.2560386473429952,0.16666666666666666,0.09420289855072464,0.40821256038647347,0.12318840579710146,0.3188405797101449,0.11594202898550725,0.9855072463768116,0.11594202898550725,0.12318840579710146,0.14492753623188406,0.30434782608695654,,,,,,,,0,0,,0,0,,0,0
ceiling light,1,26,327,0.05,room0,0.4235104669887278,0.6026570048309178,0.4927536231884058,0.45652173913043476,0.5797101449275363,0.6376811594202898,0.36231884057971014,0.6376811594202898,0.6594202898550724,0.9710144927536232,0.9710144927536232,0.4492753623188406,0.5507246376811594,0.2608695652173913,0.2391304347826087,0.40096618357487923,0.06521739130434782,0.7246376811594203,0.7487922705314008,0.12318840579710146,0.7391304347826086,0.5797101449275363,0.6956521739130435,0.5362318840579711,0.9710144927536232,0.9710144927536232,0.8985507246376812,,,,,,,,0,0,,0,0,,0,0
paper bag,81,27,237,0.05,room0,0.4710144927536232,0.605072463768116,0.2028985507246377,0.45652173913043476,0.5072463768115942,0.5217391304347826,0.8840579710144928,0.9420289855072463,0.75,0.8985507246376812,0.8985507246376812,0.30434782608695654,0.30434782608695654,0.2318840579710145,0.7971014492753623,0.2463768115942029,0.2028985507246377,0.782608695652174,0.7536231884057972,0.5869565217391305,0.6811594202898551,0.5362318840579711,0.8985507246376812,0.8695652173913043,0.8260869565217391,0.7971014492753623,0.7246376811594203,,,,,,,,0,0,0,0,0,,0,0
pillow,124,28,185,0.05,room0,0.45974235104669886,0.5157004830917874,0.5217391304347826,0.45652173913043476,0.8260869565217391,0.8405797101449275,0.4057971014492754,0.3333333333333333,0.5471014492753624,0.8260869565217391,0.8260869565217391,0.6811594202898551,0.7391304347826086,0.5507246376811594,0.2391304347826087,0.5845410628019324,0.34782608695652173,0.42028985507246375,0.5748792270531401,0.6666666666666666,0.6086956521739131,0.8260869565217391,0.36231884057971014,0.7391304347826086,0.5362318840579711,0.5362318840579711,0.5072463768115942,,,,,,,,1,1,,1,1,,1,1
pillow,1,29,53,0.05,room0,0.45491143317230276,0.6086956521739131,0.9130434782608695,0.45652173913043476,0.11594202898550725,0.18840579710144928,0.2463768115942029,0.36231884057971014,0.14492753623188406,0.7608695652173914,0.2028985507246377,0.42028985507246375,0.2753623188405797,0.9420289855072463,0.2391304347826087,0.7584541062801932,0.7608695652173914,0.09420289855072464,0.14734299516908214,0.12318840579710146,0.34057971014492755,0.11594202898550725,0.2028985507246377,0.11594202898550725,0.12318840579710146,0.13043478260869565,0.15942028985507245,,,,,,,,0,0,,0,0,,0,0
pillow,1,30,35,0.05,room0,0.6344605475040258,0.7234299516908212,0.9565217391304348,0.45652173913043476,0.6231884057971014,0.6231884057971014,0.463768115942029,0.6231884057971014,0.5181159420289855,0.9347826086956522,0.6231884057971014,0.5652173913043478,0.391304347826087,0.9420289855072463,0.2391304347826087,0.8212560386473431,0.9347826086956522,0.4927536231884058,0.5120772946859903,0.12318840579710146,0.2463768115942029,0.6231884057971014,0.42028985507246375,0.5797101449275363,0.4927536231884058,0.5217391304347826,0.4782608695652174,,,,,,,,0,0,,0,0,,0,0
pillow,225,31,230,0.05,room0,0.677938808373591,0.788647342995169,0.6376811594202898,0.45652173913043476,0.8405797101449275,0.8260869565217391,0.37681159420289856,0.2028985507246377,0.5797101449275363,0.9347826086956522,0.8405797101449275,0.6521739130434783,0.7246376811594203,0.7246376811594203,0.2391304347826087,0.6714975845410628,0.9347826086956522,0.36231884057971014,0.642512077294686,0.855072463768116,0.6666666666666666,0.8405797101449275,0.34782608695652173,0.7971014492753623,0.7391304347826086,0.7101449275362319,0.4492753623188406,,,,,,,1,1,1,1,1,1,1,1,1
pillow,1,32,26,0.05,room0,0.7761674718196456,0.8454106280193237,0.9420289855072463,0.9855072463768116,0.927536231884058,0.9420289855072463,0.43478260869565216,0.5072463768115942,0.6268115942028986,0.9855072463768116,0.9420289855072463,0.4782608695652174,0.21739130434782608,0.9420289855072463,0.2391304347826087,0.78743961352657,0.6376811594202898,0.37681159420289856,0.7053140096618358,0.12318840579710146,0.14492753623188406,0.9420289855072463,0.4057971014492754,0.8985507246376812,0.7681159420289855,0.782608695652174,0.43478260869565216,1,1,1,1,1,1,,0,0,,0,0,,0,0
pillow,608,33,1999,0.05,room0,0.573268921095008,0.6316425120772947,0.3333333333333333,0.45652173913043476,0.4492753623188406,0.43478260869565216,0.4782608695652174,0.30434782608695654,0.4927536231884058,0.7608695652173914,0.6086956521739131,0.37681159420289856,0.6086956521739131,0.391304347826087,0.7246376811594203,0.3671497584541063,0.7608695652173914,0.43478260869565216,0.5024154589371981,1.0,0.9420289855072463,0.4492753623188406,0.4492753623188406,0.5942028985507246,0.6086956521739131,0.5797101449275363,0.36231884057971014,,,,,,,1,1,1,1,1,1,1,1,1
coffee table,221,34,753,0.05,room0,0.4476650563607086,0.49275362318840576,0.3188405797101449,0.45652173913043476,0.4057971014492754,0.4057971014492754,0.2898550724637681,0.15942028985507245,0.36231884057971014,0.5289855072463768,0.43478260869565216,0.36231884057971014,0.5217391304347826,0.34782608695652173,0.2391304347826087,0.34299516908212563,0.5289855072463768,0.3188405797101449,0.35748792270531404,0.8405797101449275,0.8405797101449275,0.4057971014492754,0.2318840579710145,0.42028985507246375,0.43478260869565216,0.42028985507246375,0.14492753623188406,,,,,,,,1,1,1,1,1,0,1,1
cup,52,35,98,0.05,room0,0.5805152979066023,0.642512077294686,0.7536231884057971,0.45652173913043476,0.6666666666666666,0.6666666666666666,0.8260869565217391,0.8695652173913043,0.7789855072463768,0.8840579710144928,0.8840579710144928,0.6086956521739131,0.5942028985507246,0.5652173913043478,0.8260869565217391,0.642512077294686,0.5072463768115942,0.7391304347826086,0.7777777777777778,0.5072463768115942,0.4492753623188406,0.6666666666666666,0.782608695652174,0.855072463768116,0.8840579710144928,0.8840579710144928,0.8405797101449275,,,,,,,1,1,1,1,1,1,1,1,1
sofa chair,1,36,35,0.05,room0,0.5821256038647343,0.6811594202898551,1.0,0.45652173913043476,0.11594202898550725,0.15942028985507245,0.9130434782608695,0.9855072463768116,0.5235507246376812,0.9130434782608695,0.9130434782608695,0.34782608695652173,0.15942028985507245,0.9420289855072463,0.2391304347826087,0.7632850241545893,0.9057971014492754,0.9420289855072463,0.38405797101449274,0.12318840579710146,0.2463768115942029,0.11594202898550725,0.9130434782608695,0.11594202898550725,0.12318840579710146,0.15942028985507245,0.8695652173913043,0,0,0,1,1,1,,0,0,,0,0,,0,0
bottle,1,37,9,0.05,room0,0.5450885668276972,0.5893719806763285,0.8840579710144928,0.45652173913043476,0.6014492753623188,0.5797101449275363,0.7101449275362319,0.8115942028985508,0.6286231884057971,0.6811594202898551,0.6811594202898551,0.5507246376811594,0.2898550724637681,0.9420289855072463,0.2391304347826087,0.7922705314009661,0.5579710144927537,0.5217391304347826,0.6207729468599034,0.12318840579710146,0.08695652173913043,0.6014492753623188,0.5797101449275363,0.5579710144927537,0.6811594202898551,0.6956521739130435,0.5652173913043478,0,0,0,1,1,1,,0,0,,0,0,,0,0
armchair,426,38,816,0.05,room0,0.6489533011272142,0.7451690821256038,0.2463768115942029,0.45652173913043476,0.42028985507246375,0.42028985507246375,0.8695652173913043,0.7391304347826086,0.644927536231884,0.9057971014492754,0.855072463768116,0.2753623188405797,0.4057971014492754,0.2898550724637681,0.855072463768116,0.2705314009661836,0.9057971014492754,0.8115942028985508,0.5845410628019323,0.9565217391304348,0.855072463768116,0.42028985507246375,0.855072463768116,0.43478260869565216,0.4782608695652174,0.463768115942029,0.7681159420289855,0,0,0,1,1,1,0,1,1,0,1,1,0,1,1
blinds,252,39,2998,0.05,room0,0.429951690821256,0.4384057971014493,0.07246376811594203,0.45652173913043476,0.2753623188405797,0.2463768115942029,0.7536231884057971,0.6811594202898551,0.5398550724637682,0.7101449275362319,0.7101449275362319,0.08695652173913043,0.2318840579710145,0.08695652173913043,0.927536231884058,0.08212560386473429,0.41304347826086957,0.855072463768116,0.4202898550724638,0.9130434782608695,0.9710144927536232,0.2753623188405797,0.7101449275362319,0.2753623188405797,0.2753623188405797,0.2608695652173913,0.4057971014492754,,,,,,,,1,1,,1,1,,1,1
pillow,1,40,35,0.05,room0,0.6940418679549114,0.8128019323671497,0.9855072463768116,0.45652173913043476,0.8695652173913043,0.8985507246376812,0.6666666666666666,0.7971014492753623,0.7427536231884058,0.8840579710144928,0.8840579710144928,0.6956521739130435,0.5797101449275363,0.9420289855072463,0.2391304347826087,0.8743961352657005,0.8478260869565217,0.5797101449275363,0.7777777777777777,0.12318840579710146,0.2463768115942029,0.8840579710144928,0.5942028985507246,0.8405797101449275,0.855072463768116,0.8695652173913043,0.7971014492753623,0,0,0,1,1,1,,0,0,,0,0,,0,0
pillow,228,41,130,0.05,room0,0.7069243156199677,0.8321256038647342,0.6956521739130435,0.45652173913043476,0.9565217391304348,0.9130434782608695,0.6521739130434783,0.4782608695652174,0.7789855072463768,0.9710144927536232,0.9710144927536232,0.7536231884057971,0.7971014492753623,0.7101449275362319,0.4782608695652174,0.7198067632850241,0.8478260869565217,0.6376811594202898,0.8164251207729468,0.8840579710144928,0.5072463768115942,0.9710144927536232,0.6086956521739131,0.927536231884058,0.8695652173913043,0.855072463768116,0.855072463768116,0,0,0,1,1,1,0,0,1,0,0,1,0,0,1
lamp,1,42,7,0.05,room0,0.3397745571658615,0.3804347826086957,0.8405797101449275,0.45652173913043476,0.11594202898550725,0.13043478260869565,0.5507246376811594,0.6521739130434783,0.33514492753623193,0.5362318840579711,0.5362318840579711,0.9420289855072463,0.7536231884057971,0.7608695652173914,0.2391304347826087,0.8478260869565218,0.30434782608695654,0.5507246376811594,0.2584541062801932,0.12318840579710146,0.06521739130434782,0.11594202898550725,0.5362318840579711,0.11594202898550725,0.12318840579710146,0.21739130434782608,0.927536231884058,,,,,,,,0,0,,0,0,,0,0
potted plant,77,43,178,0.05,room0,0.7463768115942028,0.8405797101449275,0.7101449275362319,0.9420289855072463,0.782608695652174,0.7971014492753623,0.5797101449275363,0.5942028985507246,0.6811594202898551,0.9420289855072463,0.8985507246376812,0.463768115942029,0.463768115942029,0.5362318840579711,0.8840579710144928,0.5700483091787439,0.5579710144927537,0.463768115942029,0.7391304347826088,0.5652173913043478,0.5507246376811594,0.7971014492753623,0.5217391304347826,0.8840579710144928,0.8985507246376812,0.8985507246376812,0.6086956521739131,0,0,0,1,1,1,1,1,1,1,1,1,1,1,1
coffee table,3,45,190,0.05,room0,0.2117552334943639,0.28502415458937197,0.18840579710144928,0.45652173913043476,0.11594202898550725,0.2028985507246377,0.11594202898550725,0.17391304347826086,0.14673913043478262,0.45652173913043476,0.12318840579710146,0.15942028985507245,0.14492753623188406,0.13043478260869565,0.2391304347826087,0.15942028985507245,0.06521739130434782,0.2318840579710145,0.11352657004830918,0.35507246376811596,0.6376811594202898,0.11594202898550725,0.10144927536231885,0.11594202898550725,0.12318840579710146,0.057971014492753624,0.13043478260869565,,,,,,,,0,0,,1,1,,1,1
radiator,3,46,458,0.05,room0,0.3083735909822866,0.3683574879227053,0.42028985507246375,0.45652173913043476,0.391304347826087,0.463768115942029,0.13043478260869565,0.21739130434782608,0.28260869565217395,0.45652173913043476,0.391304347826087,0.13043478260869565,0.2028985507246377,0.11594202898550725,0.2391304347826087,0.2222222222222222,0.18840579710144928,0.2898550724637681,0.2801932367149758,0.35507246376811596,0.8115942028985508,0.391304347826087,0.13043478260869565,0.34782608695652173,0.3188405797101449,0.3188405797101449,0.42028985507246375,,,,,,,,1,1,,1,1,,1,1
chair,2,47,40,0.05,room0,0.7214170692431562,0.8538647342995169,0.927536231884058,0.45652173913043476,0.9420289855072463,0.9565217391304348,1.0,1.0,0.9202898550724637,1.0,1.0,0.3333333333333333,0.17391304347826086,0.9420289855072463,1.0,0.7342995169082126,0.8188405797101449,0.9420289855072463,0.8888888888888888,0.2826086956521739,0.30434782608695654,0.8695652173913043,1.0,0.8260869565217391,0.7971014492753623,0.8115942028985508,0.7391304347826086,,,,,,,,0,0,0,0,1,0,0,1
armchair,389,48,859,0.05,room0,0.6602254428341384,0.7620772946859903,0.2318840579710145,0.45652173913043476,0.5507246376811594,0.5507246376811594,0.927536231884058,0.855072463768116,0.7391304347826086,0.9565217391304348,0.9565217391304348,0.2318840579710145,0.3333333333333333,0.2753623188405797,0.782608695652174,0.2463768115942029,0.8188405797101449,0.8405797101449275,0.7053140096618357,0.9420289855072463,0.8695652173913043,0.5217391304347826,0.9565217391304348,0.6231884057971014,0.6376811594202898,0.6231884057971014,0.6956521739130435,,,,,,,,1,1,0,1,1,0,1,1
pillow,1,49,21,0.05,room0,0.8494363929146537,0.9239130434782609,0.9710144927536232,0.9710144927536232,0.7246376811594203,0.7246376811594203,0.7246376811594203,0.8985507246376812,0.6847826086956522,0.9710144927536232,0.7246376811594203,0.7681159420289855,0.6231884057971014,0.9420289855072463,0.2391304347826087,0.893719806763285,0.8768115942028986,0.5797101449275363,0.7004830917874396,0.12318840579710146,0.13043478260869565,0.7246376811594203,0.6666666666666666,0.6666666666666666,0.7101449275362319,0.7391304347826086,0.7101449275362319,,,,,,,,0,0,,0,0,,0,0
pillow,215,50,108,0.05,room0,0.8252818035426731,0.9166666666666667,0.6811594202898551,0.9565217391304348,0.6521739130434783,0.5942028985507246,0.6956521739130435,0.5362318840579711,0.6485507246376812,0.9565217391304348,0.6521739130434783,0.782608695652174,0.855072463768116,0.6666666666666666,0.2391304347826087,0.7101449275362319,0.8768115942028986,0.6231884057971014,0.6425120772946861,0.8260869565217391,0.4927536231884058,0.6521739130434783,0.6521739130434783,0.782608695652174,0.6231884057971014,0.6376811594202898,0.7536231884057971,,,,,,,,1,1,1,1,1,,1,1
pillow,589,51,2030,0.05,room0,0.44847020933977455,0.4915458937198067,0.36231884057971014,0.45652173913043476,0.5362318840579711,0.5362318840579711,0.5652173913043478,0.4492753623188406,0.5434782608695652,0.5652173913043478,0.5652173913043478,0.391304347826087,0.6521739130434783,0.42028985507246375,0.6956521739130435,0.391304347826087,0.36231884057971014,0.5072463768115942,0.5265700483091788,0.9855072463768116,0.9565217391304348,0.5072463768115942,0.5072463768115942,0.5217391304347826,0.5652173913043478,0.5507246376811594,0.37681159420289856,,,,,,,0,1,1,1,1,1,0,1,1
lamp,193,52,157,0.05,room0,0.21336553945249595,0.28743961352657005,0.11594202898550725,0.45652173913043476,0.11594202898550725,0.043478260869565216,0.10144927536231885,0.028985507246376812,0.10869565217391305,0.45652173913043476,0.12318840579710146,0.14492753623188406,0.10144927536231885,0.3333333333333333,0.4927536231884058,0.19806763285024154,0.06521739130434782,0.09420289855072464,0.11835748792270533,0.7898550724637681,0.5362318840579711,0.11594202898550725,0.11594202898550725,0.11594202898550725,0.12318840579710146,0.028985507246376812,0.08695652173913043,,,,,,,,0,0,1,0,1,,0,0
pillow,4,53,54,0.05,room0,0.5426731078904993,0.6231884057971014,0.8985507246376812,0.45652173913043476,0.37681159420289856,0.36231884057971014,0.42028985507246375,0.4057971014492754,0.36050724637681164,0.7898550724637681,0.391304347826087,0.8405797101449275,0.8260869565217391,0.9420289855072463,0.2391304347826087,0.893719806763285,0.7898550724637681,0.26811594202898553,0.38164251207729477,0.39855072463768115,0.36231884057971014,0.37681159420289856,0.391304347826087,0.3333333333333333,0.37681159420289856,0.4057971014492754,0.2318840579710145,,,,,,,,0,0,1,0,1,,0,0
pillow,192,54,179,0.05,room0,0.5684380032206119,0.6243961352657005,0.5652173913043478,0.45652173913043476,0.5217391304347826,0.5072463768115942,0.391304347826087,0.2463768115942029,0.4420289855072464,0.7898550724637681,0.5072463768115942,0.7101449275362319,0.7681159420289855,0.6811594202898551,0.2391304347826087,0.6521739130434782,0.7898550724637681,0.34782608695652173,0.4589371980676329,0.7681159420289855,0.5652173913043478,0.4927536231884058,0.37681159420289856,0.463768115942029,0.5072463768115942,0.4927536231884058,0.3333333333333333,,,,,,,,0,0,1,0,1,,0,0
book,187,55,102,0.05,room0,0.6022544283413849,0.6751207729468599,0.6521739130434783,0.45652173913043476,0.8985507246376812,0.8695652173913043,0.6811594202898551,0.5797101449275363,0.7898550724637682,0.927536231884058,0.927536231884058,0.8985507246376812,0.9710144927536232,0.8695652173913043,0.6811594202898551,0.8067632850241546,0.5289855072463768,0.6521739130434783,0.821256038647343,0.7536231884057971,0.47101449275362317,0.9130434782608695,0.6231884057971014,0.9420289855072463,0.927536231884058,0.9130434782608695,0.4927536231884058,,,,,,,1,1,1,1,1,1,1,1,1
lamp,3,56,4,0.05,room0,0.5072463768115942,0.7137681159420289,0.5362318840579711,0.45652173913043476,0.11594202898550725,0.057971014492753624,0.043478260869565216,0.043478260869565216,0.09420289855072464,0.9710144927536232,0.12318840579710146,0.855072463768116,0.6811594202898551,0.6014492753623188,0.2391304347826087,0.6642512077294686,0.9710144927536232,0.09420289855072464,0.09420289855072463,0.35507246376811596,0.014492753623188406,0.11594202898550725,0.043478260869565216,0.11594202898550725,0.12318840579710146,0.17391304347826086,0.043478260869565216,,,,,,,,0,0,,0,0,,0,0
book,148,57,188,0.05,room0,0.6892109500805152,0.8055555555555556,0.463768115942029,0.45652173913043476,0.8840579710144928,0.8840579710144928,0.855072463768116,0.8260869565217391,0.8586956521739131,0.9420289855072463,0.9420289855072463,0.5797101449275363,0.6956521739130435,0.4782608695652174,0.7536231884057971,0.5072463768115942,0.7318840579710145,0.7536231884057971,0.8792270531400966,0.6811594202898551,0.6231884057971014,0.8985507246376812,0.7971014492753623,0.9565217391304348,0.9420289855072463,0.927536231884058,0.6231884057971014,,,,,,,0,1,1,1,1,1,0,1,1
lamp,1,58,6,0.05,room0,0.5144927536231884,0.7246376811594203,0.5942028985507246,0.45652173913043476,0.11594202898550725,0.11594202898550725,0.043478260869565216,0.08695652173913043,0.09420289855072464,0.9927536231884058,0.12318840579710146,0.8695652173913043,0.7101449275362319,0.6014492753623188,0.2391304347826087,0.6884057971014492,0.9927536231884058,0.09420289855072464,0.09420289855072463,0.12318840579710146,0.036231884057971016,0.11594202898550725,0.043478260869565216,0.11594202898550725,0.12318840579710146,0.2318840579710145,0.043478260869565216,,,,,,,,0,0,,0,0,,0,0
lamp,2,59,32,0.05,room0,0.41062801932367154,0.5688405797101449,0.4492753623188406,0.45652173913043476,0.11594202898550725,0.10144927536231885,0.043478260869565216,0.07246376811594203,0.09420289855072464,0.6811594202898551,0.12318840579710146,0.6666666666666666,0.5072463768115942,0.463768115942029,0.2391304347826087,0.5265700483091788,0.6811594202898551,0.09420289855072464,0.09420289855072463,0.2826086956521739,0.1956521739130435,0.11594202898550725,0.043478260869565216,0.11594202898550725,0.12318840579710146,0.11594202898550725,0.043478260869565216,,,,,,,,0,0,0,0,1,,0,0
lamp,2,60,92,0.05,room0,0.5531400966183575,0.7065217391304348,0.5507246376811594,0.45652173913043476,0.2898550724637681,0.2898550724637681,0.08695652173913043,0.14492753623188406,0.25181159420289856,0.9565217391304348,0.36231884057971014,0.8260869565217391,0.8695652173913043,0.5072463768115942,0.2391304347826087,0.6280193236714976,0.9565217391304348,0.26811594202898553,0.24637681159420288,0.2826086956521739,0.42028985507246375,0.2898550724637681,0.08695652173913043,0.2898550724637681,0.36231884057971014,0.36231884057971014,0.2753623188405797,,,,,,,,0,0,0,0,0,,0,0
sofa chair,2,61,6,0.05,room0,0.20531400966183574,0.2753623188405797,0.036231884057971016,0.45652173913043476,0.11594202898550725,0.08695652173913043,0.043478260869565216,0.057971014492753624,0.09420289855072464,0.45652173913043476,0.12318840579710146,0.036231884057971016,0.014492753623188406,0.036231884057971016,0.2391304347826087,0.036231884057971016,0.06521739130434782,0.09420289855072464,0.09420289855072463,0.2826086956521739,0.036231884057971016,0.11594202898550725,0.043478260869565216,0.11594202898550725,0.12318840579710146,0.2028985507246377,0.043478260869565216,,,,,,,,0,0,,0,0,,0,0
book,82,62,72,0.05,room0,0.6344605475040258,0.7234299516908214,0.4782608695652174,0.45652173913043476,0.7391304347826086,0.6956521739130435,0.8405797101449275,0.7681159420289855,0.7318840579710144,0.8115942028985508,0.8115942028985508,0.927536231884058,0.9565217391304348,0.8260869565217391,0.6666666666666666,0.7439613526570049,0.7318840579710145,0.7681159420289855,0.7149758454106281,0.6086956521739131,0.4057971014492754,0.7536231884057971,0.8115942028985508,0.6956521739130435,0.5797101449275363,0.6086956521739131,0.6376811594202898,,,,,,,0,0,1,1,0,1,0,1,1
end table,22,63,423,0.05,room0,0.32769726247987113,0.3828502415458937,0.34782608695652173,0.45652173913043476,0.30434782608695654,0.3188405797101449,0.30434782608695654,0.37681159420289856,0.322463768115942,0.45652173913043476,0.34782608695652173,0.18840579710144928,0.2608695652173913,0.21739130434782608,0.8695652173913043,0.25120772946859904,0.21739130434782608,0.3333333333333333,0.30917874396135264,0.43478260869565216,0.7971014492753623,0.30434782608695654,0.2753623188405797,0.30434782608695654,0.34782608695652173,0.34782608695652173,0.3188405797101449,0,0,0,0,0,0,0,1,1,1,1,1,0,1,1
power outlet,66,64,34,0.05,room0,0.5491143317230274,0.5954106280193237,0.2753623188405797,0.45652173913043476,0.4927536231884058,0.4782608695652174,0.5217391304347826,0.463768115942029,0.4927536231884058,0.7028985507246377,0.5507246376811594,0.7246376811594203,0.6376811594202898,0.782608695652174,0.5217391304347826,0.5942028985507246,0.7028985507246377,0.4057971014492754,0.48792270531400966,0.5217391304347826,0.21739130434782608,0.4782608695652174,0.43478260869565216,0.4782608695652174,0.5507246376811594,0.5652173913043478,0.17391304347826086,,,,,,,,0,0,1,0,1,0,0,1
lamp,1,65,64,0.05,room0,0.5257648953301127,0.5603864734299517,0.8260869565217391,0.45652173913043476,0.7101449275362319,0.7391304347826086,0.17391304347826086,0.2753623188405797,0.5253623188405797,0.9130434782608695,0.9130434782608695,0.8115942028985508,0.782608695652174,0.5797101449275363,0.2391304347826087,0.7391304347826088,0.4927536231884058,0.30434782608695654,0.6280193236714976,0.12318840579710146,0.37681159420289856,0.7101449275362319,0.2608695652173913,0.6521739130434783,0.9130434782608695,0.9420289855072463,0.9565217391304348,,,,,,,,0,0,,0,0,,0,0
lamp,1,67,37,0.05,room0,0.817230273752013,0.8743961352657006,0.8695652173913043,1.0,1.0,1.0,0.3188405797101449,0.43478260869565216,0.6666666666666667,1.0,1.0,0.9565217391304348,0.927536231884058,0.8405797101449275,0.2391304347826087,0.8888888888888888,0.7028985507246377,0.391304347826087,0.7487922705314011,0.12318840579710146,0.2898550724637681,1.0,0.2898550724637681,0.9855072463768116,0.9565217391304348,0.9855072463768116,0.391304347826087,,,,,,,,0,0,,0,0,,0,0
end table,2,68,184,0.05,room0,0.42270531400966177,0.5579710144927537,0.391304347826087,0.45652173913043476,0.11594202898550725,0.21739130434782608,0.2318840579710145,0.3188405797101449,0.2916666666666667,0.6594202898550725,0.21739130434782608,0.5217391304347826,0.5652173913043478,0.36231884057971014,0.2391304347826087,0.42512077294685985,0.6594202898550725,0.6956521739130435,0.15217391304347824,0.2826086956521739,0.5869565217391305,0.11594202898550725,0.21739130434782608,0.11594202898550725,0.12318840579710146,0.07246376811594203,0.2608695652173913,,,,,,,,0,0,,1,1,,1,1
lamp,1,69,29,0.05,room0,0.642512077294686,0.7355072463768115,0.6666666666666666,0.45652173913043476,0.463768115942029,0.4927536231884058,0.34782608695652173,0.42028985507246375,0.3894927536231884,0.9927536231884058,0.6521739130434783,0.9855072463768116,0.8840579710144928,0.6956521739130435,0.2391304347826087,0.7826086956521738,0.9927536231884058,0.09420289855072464,0.47826086956521735,0.12318840579710146,0.15942028985507245,0.463768115942029,0.3188405797101449,0.4492753623188406,0.6521739130434783,0.6811594202898551,0.2463768115942029,,,,,,,,0,0,,0,0,,0,0
lamp,1,70,32,0.05,room0,0.5636070853462157,0.6388888888888888,0.855072463768116,0.45652173913043476,0.6376811594202898,0.6521739130434783,0.4492753623188406,0.5507246376811594,0.7572463768115942,1.0,1.0,0.2463768115942029,0.043478260869565216,0.43478260869565216,0.2391304347826087,0.5120772946859904,0.41304347826086957,0.9420289855072463,0.821256038647343,0.12318840579710146,0.1956521739130435,0.6376811594202898,0.8260869565217391,0.7101449275362319,1.0,1.0,0.9130434782608695,,,,,,,,0,0,,0,0,,0,0
blinds,310,71,5519,0.05,room0,0.6384863123993559,0.7717391304347826,0.13043478260869565,0.927536231884058,0.34782608695652173,0.3333333333333333,0.3333333333333333,0.18840579710144928,0.3333333333333333,0.927536231884058,0.4492753623188406,0.17391304347826086,0.34782608695652173,0.15942028985507245,0.6376811594202898,0.15458937198067632,0.6159420289855072,0.2028985507246377,0.37198067632850246,0.927536231884058,1.0,0.3333333333333333,0.3333333333333333,0.4057971014492754,0.4492753623188406,0.43478260869565216,0.18840579710144928,,,,,,,,0,0,1,0,1,,0,0
trash bin,207,0,209,0.05,office0,0.4646464646464647,0.48484848484848486,0.3939393939393939,0.4696969696969697,0.36363636363636365,0.36363636363636365,0.6060606060606061,0.3333333333333333,0.48484848484848486,0.5454545454545454,0.5454545454545454,0.6060606060606061,0.6363636363636364,0.5454545454545454,0.8484848484848485,0.5151515151515151,0.5,0.5454545454545454,0.42424242424242425,0.8181818181818182,0.5909090909090909,0.30303030303030304,0.5454545454545454,0.30303030303030304,0.42424242424242425,0.45454545454545453,0.45454545454545453,,,,,,,1,1,1,1,1,1,1,1,1
sofa chair,240,1,1572,0.05,office0,0.5858585858585859,0.6439393939393939,0.5757575757575758,0.4696969696969697,0.6060606060606061,0.6060606060606061,0.6363636363636364,0.2727272727272727,0.6060606060606061,0.7121212121212122,0.6666666666666666,0.6363636363636364,0.6666666666666666,0.7878787878787878,0.696969696969697,0.6666666666666666,0.7121212121212122,0.5151515151515151,0.5757575757575757,0.9090909090909091,0.9090909090909091,0.5757575757575758,0.48484848484848486,0.7272727272727273,0.6666666666666666,0.6363636363636364,0.42424242424242425,,,,,,,1,1,1,1,1,1,1,1,1
trash bin,307,2,209,0.05,office0,0.5589225589225589,0.6035353535353536,0.42424242424242425,0.4696969696969697,0.6666666666666666,0.6666666666666666,0.9090909090909091,0.696969696969697,0.7803030303030303,0.9090909090909091,0.9090909090909091,0.5151515151515151,0.5454545454545454,0.5151515151515151,0.8181818181818182,0.48484848484848486,0.5,0.9393939393939394,0.7070707070707071,1.0,0.5909090909090909,0.6060606060606061,0.9090909090909091,0.5757575757575758,0.6060606060606061,0.6666666666666666,0.5454545454545454,,,,,,,1,1,1,1,1,1,1,1,1
chair,225,3,333,0.05,office0,0.3501683501683502,0.4267676767676768,0.16666666666666666,0.4696969696969697,0.30303030303030304,0.30303030303030304,0.6666666666666666,0.42424242424242425,0.5227272727272727,0.5757575757575758,0.5757575757575758,0.16666666666666666,0.2727272727272727,0.16666666666666666,0.6060606060606061,0.16666666666666666,0.19696969696969696,0.7878787878787878,0.38383838383838387,0.8787878787878788,0.6363636363636364,0.24242424242424243,0.5757575757575758,0.24242424242424243,0.3333333333333333,0.3939393939393939,0.5151515151515151,,,,,,,1,1,1,1,1,1,1,1,1
tv,159,4,1421,0.05,office0,0.5824915824915825,0.696969696969697,0.48484848484848486,0.4696969696969697,0.3333333333333333,0.3333333333333333,0.30303030303030304,0.12121212121212122,0.3560606060606061,0.9242424242424242,0.48484848484848486,0.5757575757575758,0.5757575757575758,0.42424242424242425,0.45454545454545453,0.494949494949495,0.9242424242424242,0.30303030303030304,0.35353535353535354,0.7272727272727273,0.8181818181818182,0.3333333333333333,0.24242424242424243,0.45454545454545453,0.48484848484848486,0.48484848484848486,0.15151515151515152,,,,,,,1,1,1,1,1,1,1,1,1
coffee table,218,5,423,0.05,office0,0.8232323232323232,0.9015151515151516,0.5151515151515151,0.9696969696969697,0.7575757575757576,0.7575757575757576,0.8181818181818182,0.7272727272727273,0.6818181818181818,0.9696969696969697,0.7575757575757576,0.696969696969697,0.696969696969697,0.6363636363636364,0.6666666666666666,0.6161616161616162,0.8333333333333334,0.6363636363636364,0.6666666666666666,0.8484848484848485,0.696969696969697,0.7575757575757576,0.7272727272727273,0.6363636363636364,0.5151515151515151,0.5757575757575758,0.3939393939393939,,,,,,,1,1,1,1,1,1,1,1,1
power outlet,31,6,11,0.05,office0,0.5117845117845118,0.547979797979798,0.6060606060606061,0.4696969696969697,0.12121212121212122,0.21212121212121213,0.696969696969697,0.8181818181818182,0.48484848484848486,0.7878787878787878,0.7878787878787878,0.8484848484848485,0.8484848484848485,0.8484848484848485,1.0,0.7676767676767677,0.4393939393939394,0.48484848484848486,0.6262626262626263,0.4393939393939394,0.09090909090909091,0.7878787878787878,0.45454545454545453,0.6666666666666666,0.6363636363636364,0.6060606060606061,0.6666666666666666,,,,,,,0,0,1,1,1,1,0,1,1
closet door,150,7,1351,0.05,office0,0.521885521885522,0.547979797979798,0.3333333333333333,0.4696969696969697,0.42424242424242425,0.42424242424242425,0.8484848484848485,0.8787878787878788,0.6060606060606061,0.7575757575757576,0.7575757575757576,0.36363636363636365,0.36363636363636365,0.36363636363636365,0.5757575757575758,0.35353535353535354,0.6212121212121212,0.8484848484848485,0.4747474747474747,0.696969696969697,0.7878787878787878,0.36363636363636365,0.7575757575757576,0.48484848484848486,0.30303030303030304,0.30303030303030304,0.36363636363636365,,,,,,,1,1,1,1,1,1,1,1,1
chair,246,8,350,0.05,office0,0.43771043771043777,0.5580808080808082,0.16666666666666666,0.4696969696969697,0.5757575757575758,0.5757575757575758,0.9696969696969697,0.8484848484848485,0.7045454545454546,0.9393939393939394,0.9393939393939394,0.16666666666666666,0.30303030303030304,0.16666666666666666,0.7575757575757576,0.16666666666666666,0.19696969696969696,0.8181818181818182,0.6464646464646465,0.9393939393939394,0.6666666666666666,0.5454545454545454,0.9393939393939394,0.5454545454545454,0.45454545454545453,0.5454545454545454,0.6363636363636364,,,,,,,0,1,1,0,1,1,0,1,1
speaker,66,9,85,0.05,office0,0.7508417508417509,0.8914141414141414,0.7575757575757576,0.4696969696969697,0.9090909090909091,0.9090909090909091,0.8787878787878788,0.9393939393939394,0.8257575757575758,0.9242424242424242,0.9090909090909091,1.0,1.0,0.9696969696969697,0.9696969696969697,0.9090909090909092,0.9242424242424242,0.6666666666666666,0.8585858585858586,0.5757575757575758,0.3333333333333333,0.9090909090909091,0.8181818181818182,1.0,0.8484848484848485,0.9393939393939394,0.9696969696969697,,,,,,,1,1,1,1,1,1,1,1,1
picture,63,10,24,0.05,office0,0.2558922558922559,0.33333333333333337,0.16666666666666666,0.4696969696969697,0.12121212121212122,0.15151515151515152,0.07575757575757576,0.030303030303030304,0.11363636363636363,0.4696969696969697,0.12121212121212122,0.16666666666666666,0.18181818181818182,0.16666666666666666,0.19696969696969696,0.16666666666666666,0.19696969696969696,0.13636363636363635,0.10101010101010101,0.5454545454545454,0.16666666666666666,0.10606060606060606,0.07575757575757576,0.10606060606060606,0.12121212121212122,0.21212121212121213,0.07575757575757576,,,,,,,1,1,1,1,1,1,1,1,1
picture,2,11,1562,0.05,office0,0.4343434343434343,0.4545454545454546,0.8484848484848485,0.4696969696969697,0.48484848484848486,0.45454545454545453,0.15151515151515152,0.24242424242424243,0.4696969696969697,0.5454545454545454,0.5454545454545454,0.42424242424242425,0.42424242424242425,0.3939393939393939,0.19696969696969696,0.5555555555555555,0.4393939393939394,0.696969696969697,0.39393939393939387,0.25757575757575757,0.8787878787878788,0.42424242424242425,0.21212121212121213,0.36363636363636365,0.5454545454545454,0.42424242424242425,0.8484848484848485,,,,,,,,0,0,,0,0,,0,0
storage bin,4,12,195,0.05,office0,0.6902356902356903,0.8005050505050506,1.0,0.4696969696969697,0.3939393939393939,0.3939393939393939,1.0,1.0,0.6363636363636364,1.0,1.0,0.7878787878787878,0.7575757575757576,1.0,0.9393939393939394,0.9292929292929294,0.9848484848484849,0.7575757575757576,0.6161616161616162,0.30303030303030304,0.48484848484848486,0.45454545454545453,1.0,0.42424242424242425,0.3939393939393939,0.36363636363636365,0.696969696969697,0,0,0,1,1,1,,1,1,,1,1,,1,1
stuffed animal,135,13,458,0.05,office0,0.430976430976431,0.547979797979798,0.16666666666666666,0.4696969696969697,0.8484848484848485,0.8484848484848485,0.5757575757575758,0.5151515151515151,0.6515151515151516,0.7272727272727273,0.7272727272727273,0.16666666666666666,0.24242424242424243,0.16666666666666666,0.7878787878787878,0.16666666666666666,0.19696969696969696,0.45454545454545453,0.6262626262626263,0.6363636363636364,0.7272727272727273,0.7272727272727273,0.42424242424242425,0.7878787878787878,0.7272727272727273,0.696969696969697,0.5757575757575758,,,,,,,1,1,1,1,1,1,1,1,1
potted plant,174,14,1773,0.05,office0,0.6127946127946128,0.7272727272727273,0.45454545454545453,0.4696969696969697,0.5151515151515151,0.5151515151515151,0.5454545454545454,0.30303030303030304,0.4166666666666667,0.9848484848484849,0.5151515151515151,0.7272727272727273,0.7272727272727273,0.8181818181818182,0.7272727272727273,0.6666666666666666,0.9848484848484849,0.36363636363636365,0.3838383838383838,0.7575757575757576,0.9393939393939394,0.5151515151515151,0.3939393939393939,0.3939393939393939,0.24242424242424243,0.2727272727272727,0.48484848484848486,1,1,1,1,1,1,0,1,1,1,1,1,1,1,1
refrigerator,111,15,1990,0.05,office0,0.4461279461279461,0.4722222222222222,0.36363636363636365,0.4696969696969697,0.5454545454545454,0.5454545454545454,0.5151515151515151,0.48484848484848486,0.5075757575757576,0.5757575757575758,0.5757575757575758,0.3939393939393939,0.3939393939393939,0.3333333333333333,0.6363636363636364,0.3636363636363636,0.3939393939393939,0.3939393939393939,0.47474747474747475,0.6060606060606061,0.9696969696969697,0.48484848484848486,0.36363636363636365,0.5151515151515151,0.5757575757575758,0.5151515151515151,0.30303030303030304,,,,,,,1,1,1,1,1,1,1,1,1
potted plant,5,16,78,0.05,office0,0.2558922558922559,0.33333333333333337,0.16666666666666666,0.4696969696969697,0.12121212121212122,0.030303030303030304,0.07575757575757576,0.09090909090909091,0.11363636363636363,0.4696969696969697,0.12121212121212122,0.16666666666666666,0.09090909090909091,0.16666666666666666,0.19696969696969696,0.16666666666666666,0.19696969696969696,0.13636363636363635,0.10101010101010101,0.3484848484848485,0.30303030303030304,0.10606060606060606,0.07575757575757576,0.10606060606060606,0.12121212121212122,0.09090909090909091,0.07575757575757576,,,,,,,0,0,1,0,0,1,0,0,1
power outlet,31,17,22,0.05,office0,0.2676767676767677,0.33333333333333337,0.16666666666666666,0.4696969696969697,0.12121212121212122,0.18181818181818182,0.24242424242424243,0.15151515151515152,0.1553030303030303,0.4696969696969697,0.18181818181818182,0.16666666666666666,0.12121212121212122,0.16666666666666666,0.42424242424242425,0.16666666666666666,0.19696969696969696,0.13636363636363635,0.13636363636363638,0.4393939393939394,0.12121212121212122,0.10606060606060606,0.18181818181818182,0.10606060606060606,0.12121212121212122,0.15151515151515152,0.24242424242424243,,,,,,,0,0,1,0,1,1,0,1,1
mat,47,18,176,0.05,office0,0.30303030303030304,0.3560606060606061,0.16666666666666666,0.4696969696969697,0.2727272727272727,0.2727272727272727,0.42424242424242425,0.36363636363636365,0.2727272727272727,0.4696969696969697,0.3333333333333333,0.16666666666666666,0.15151515151515152,0.16666666666666666,0.48484848484848486,0.16666666666666666,0.19696969696969696,0.2727272727272727,0.2424242424242424,0.48484848484848486,0.45454545454545453,0.2727272727272727,0.3333333333333333,0.2727272727272727,0.12121212121212122,0.12121212121212122,0.2727272727272727,,,,,,,0,1,1,0,1,1,0,1,1
potted plant,1,19,49,0.05,office0,0.2558922558922559,0.33333333333333337,0.16666666666666666,0.4696969696969697,0.12121212121212122,0.06060606060606061,0.07575757575757576,0.21212121212121213,0.11363636363636363,0.4696969696969697,0.12121212121212122,0.16666666666666666,0.06060606060606061,0.16666666666666666,0.19696969696969696,0.16666666666666666,0.19696969696969696,0.13636363636363635,0.10101010101010101,0.12121212121212122,0.21212121212121213,0.10606060606060606,0.07575757575757576,0.10606060606060606,0.12121212121212122,0.030303030303030304,0.07575757575757576,0,0,0,0,0,0,,0,0,,0,0,,0,0
potted plant,5,20,963,0.05,office0,0.5370370370370371,0.6742424242424243,0.9696969696969697,0.4696969696969697,0.24242424242424243,0.24242424242424243,0.36363636363636365,0.45454545454545453,0.30303030303030304,0.8787878787878788,0.30303030303030304,0.8787878787878788,0.8787878787878788,0.9090909090909091,0.19696969696969696,0.9191919191919192,0.8787878787878788,0.3333333333333333,0.2626262626262626,0.3484848484848485,0.7575757575757576,0.21212121212121213,0.30303030303030304,0.21212121212121213,0.2727272727272727,0.24242424242424243,0.21212121212121213,1,1,1,1,1,1,,0,0,0,1,1,,1,1
sofa chair,272,21,2477,0.05,office0,0.7895622895622895,0.8282828282828283,0.696969696969697,0.9393939393939394,0.7272727272727273,0.7272727272727273,0.7878787878787878,0.6060606060606061,0.7272727272727273,0.9393939393939394,0.8181818181818182,0.45454545454545453,0.48484848484848486,0.6666666666666666,0.5454545454545454,0.6060606060606061,0.7121212121212122,0.5757575757575758,0.7171717171717172,0.9696969696969697,1.0,0.696969696969697,0.6363636363636364,0.9696969696969697,0.8181818181818182,0.9090909090909091,0.3333333333333333,,,,,,,1,1,1,1,1,1,1,1,1
power outlet,1,22,8,0.05,office0,0.5387205387205387,0.7095959595959596,0.6666666666666666,0.4696969696969697,1.0,1.0,0.48484848484848486,0.7878787878787878,0.6515151515151515,1.0,1.0,0.9393939393939394,0.9393939393939394,0.7272727272727273,0.19696969696969696,0.7777777777777778,0.19696969696969696,0.13636363636363635,0.9494949494949495,0.12121212121212122,0.06060606060606061,1.0,0.8636363636363636,0.9393939393939394,0.9848484848484849,0.9696969696969697,0.9393939393939394,,,,,,,,0,0,,0,0,,0,0
paper bag,13,23,200,0.05,office0,0.5656565656565656,0.6212121212121212,0.5454545454545454,0.4696969696969697,0.45454545454545453,0.48484848484848486,0.7575757575757576,0.9090909090909091,0.5454545454545455,0.7727272727272727,0.6060606060606061,0.8181818181818182,0.8181818181818182,0.8787878787878788,0.8787878787878788,0.7474747474747474,0.7727272727272727,0.6060606060606061,0.4545454545454546,0.3939393939393939,0.5454545454545454,0.3939393939393939,0.6060606060606061,0.3333333333333333,0.36363636363636365,0.3333333333333333,0.7878787878787878,,,,,,,0,0,1,1,0,1,0,0,1
power outlet,139,24,88,0.05,office0,0.26430976430976433,0.33333333333333337,0.16666666666666666,0.4696969696969697,0.12121212121212122,0.12121212121212122,0.18181818181818182,0.06060606060606061,0.14015151515151514,0.4696969696969697,0.15151515151515152,0.16666666666666666,0.21212121212121213,0.16666666666666666,0.3939393939393939,0.16666666666666666,0.19696969696969696,0.13636363636363635,0.12626262626262627,0.6666666666666666,0.36363636363636365,0.10606060606060606,0.15151515151515152,0.10606060606060606,0.12121212121212122,0.18181818181818182,0.18181818181818182,,,,,,,1,0,1,1,1,1,1,1,1
tissue box,178,25,197,0.05,office0,0.5774410774410774,0.6313131313131313,0.7272727272727273,0.4696969696969697,0.8181818181818182,0.8181818181818182,0.7272727272727273,0.6666666666666666,0.6666666666666667,0.8484848484848485,0.8484848484848485,0.7575757575757576,0.7878787878787878,0.7575757575757576,0.5151515151515151,0.7474747474747474,0.5757575757575758,0.42424242424242425,0.6868686868686869,0.7878787878787878,0.5151515151515151,0.8484848484848485,0.5151515151515151,0.8181818181818182,0.696969696969697,0.7575757575757576,0.6060606060606061,,,,,,,1,1,1,1,1,1,1,1,1
book,60,27,60,0.05,office0,0.9107744107744109,0.9494949494949496,0.7878787878787878,1.0,0.9393939393939394,0.9393939393939394,0.9393939393939394,0.9696969696969697,0.8484848484848486,1.0,0.9696969696969697,0.9696969696969697,0.9696969696969697,0.9393939393939394,0.9090909090909091,0.8989898989898991,0.8333333333333334,0.7272727272727273,0.8989898989898991,0.5151515151515151,0.2727272727272727,0.9393939393939394,0.9696969696969697,0.8787878787878788,0.7878787878787878,0.8484848484848485,0.7272727272727273,,,,,,,1,1,1,1,1,1,1,1,1
window,1,28,1458,0.05,office0,0.6632996632996633,0.76010101010101,0.8181818181818182,0.4696969696969697,0.6363636363636364,0.6363636363636364,0.2727272727272727,0.5454545454545454,0.696969696969697,0.9393939393939394,0.9393939393939394,0.48484848484848486,0.45454545454545453,0.48484848484848486,0.19696969696969696,0.595959595959596,0.7727272727272727,0.9393939393939394,0.7474747474747474,0.12121212121212122,0.8484848484848485,0.6363636363636364,0.6666666666666666,0.696969696969697,0.9393939393939394,0.7878787878787878,0.7575757575757576,,,,,,,,0,0,,0,0,,0,0
power outlet,1,29,3,0.05,office0,0.5353535353535354,0.7045454545454546,0.6363636363636364,0.4696969696969697,0.9696969696969697,0.9696969696969697,0.45454545454545453,0.7575757575757576,0.6363636363636364,0.9848484848484849,0.9848484848484849,0.9090909090909091,0.9090909090909091,0.696969696969697,0.19696969696969696,0.7474747474747474,0.19696969696969696,0.13636363636363635,0.9393939393939394,0.12121212121212122,0.030303030303030304,0.9696969696969697,0.8636363636363636,0.9090909090909091,0.9848484848484849,1.0,0.9090909090909091,,,,,,,,0,0,,0,0,,0,0
person,1,30,103,0.05,office0,0.6010101010101011,0.6666666666666667,0.9393939393939394,0.4696969696969697,0.696969696969697,0.696969696969697,0.21212121212121213,0.3939393939393939,0.6893939393939394,0.9090909090909091,0.9090909090909091,0.3333333333333333,0.3333333333333333,0.45454545454545453,0.19696969696969696,0.5757575757575758,0.5454545454545454,0.9393939393939394,0.787878787878788,0.12121212121212122,0.42424242424242425,0.6666666666666666,0.7878787878787878,0.6060606060606061,0.9090909090909091,0.8787878787878788,0.8181818181818182,,,,,,,,0,0,,0,0,,0,0
pillow,1,31,95,0.05,office0,0.6447811447811448,0.7323232323232323,0.9090909090909091,0.4696969696969697,0.7878787878787878,0.7878787878787878,0.3333333333333333,0.6363636363636364,0.7348484848484849,0.8787878787878788,0.8787878787878788,0.6666666666666666,0.6060606060606061,0.6060606060606061,0.19696969696969696,0.7272727272727272,0.6666666666666666,0.9393939393939394,0.797979797979798,0.12121212121212122,0.3939393939393939,0.8181818181818182,0.696969696969697,0.7575757575757576,0.8787878787878788,0.8181818181818182,0.8787878787878788,,,,,,,,0,0,,0,0,,0,0
person,1,32,24,0.05,office0,0.2558922558922559,0.33333333333333337,0.16666666666666666,0.4696969696969697,0.12121212121212122,0.09090909090909091,0.07575757575757576,0.18181818181818182,0.11363636363636363,0.4696969696969697,0.12121212121212122,0.16666666666666666,0.030303030303030304,0.16666666666666666,0.19696969696969696,0.16666666666666666,0.19696969696969696,0.13636363636363635,0.10101010101010101,0.12121212121212122,0.16666666666666666,0.10606060606060606,0.07575757575757576,0.10606060606060606,0.12121212121212122,0.06060606060606061,0.07575757575757576,,,,,,,,0,0,,0,0,,0,0
speaker,2,33,53,0.05,office0,0.5757575757575757,0.6287878787878788,0.8787878787878788,0.4696969696969697,0.8787878787878788,0.8787878787878788,0.3939393939393939,0.5757575757575758,0.7424242424242424,0.8787878787878788,0.8787878787878788,0.5454545454545454,0.5151515151515151,0.5757575757575758,0.19696969696969696,0.6666666666666666,0.6212121212121212,0.9393939393939394,0.6363636363636364,0.25757575757575757,0.24242424242424243,0.8787878787878788,0.2727272727272727,0.8484848484848485,0.7575757575757576,0.7272727272727273,1.0,0,0,0,0,0,0,,0,0,0,0,0,0,0,0
