best_duplicate_pair_score,combined_anomaly_score,connected_components_26,duplicate_conflict_score,evidence_coverage,evidence_scope,evidence_supported_voxels,fragmentation_rank,fragmentation_score,gt_dominant_fraction,gt_dominant_id,gt_dominant_label,gt_eligible_member_observations,gt_false_split_incident,gt_identity_error,gt_overlap_hist,gt_overmerge,gt_overmerge_cross_class,gt_overmerge_same_class,gt_second_fraction,gt_second_id,gt_second_label,gt_substantial_instances,gt_supported_fraction,gt_supported_voxels,has_association_evidence_error,has_mask_evidence_error,is_background,label_hist,label_vote_entropy,largest_component_fraction,major_connected_components_26,major_label_region_count,mean_seen_count,mean_voxel_disagreement,median_seen_count,member_observations,mixed_mask_fraction,mixed_mask_observations,nonspatial_label_score,num_detections,object_index,object_uid,object_voxels,owner_label_entropy,predicted_label,primary_evidence_label,primary_evidence_label_id,pure_member_observations,scene,second_evidence_label,second_evidence_label_id,second_label_largest_region_fraction,semantic_conflict_score,stable_evidence_voxels,voxel_majority_entropy,voxel_majority_second_fraction,voxel_majority_top_fraction,voxel_size_m,wrong_association_fraction,wrong_association_observations
0.2128972813646633,0.5454545454545454,1,0.5,1.0,final_members_only,209,0.4696969696969697,0.0,0.8373205741626795,10,ceiling,207,True,True,"[{""gt_id"": 10, ""gt_label"": ""ceiling"", ""pred_fraction"": 0.8373205741626795, ""voxels"": 175}, {""gt_id"": 4, ""gt_label"": ""chair"", ""pred_fraction"": 0.784688995215311, ""voxels"": 164}, {""gt_id"": 58, ""gt_label"": ""table"", ""pred_fraction"": 0.7511961722488039, ""voxels"": 157}, {""gt_id"": 61, ""gt_label"": ""chair"", ""pred_fraction"": 0.722488038277512, ""voxels"": 151}, {""gt_id"": 51, ""gt_label"": ""wall"", ""pred_fraction"": 0.004784688995215311, ""voxels"": 1}]",True,True,False,0.784688995215311,4,chair,4,0.9617224880382775,201,True,True,False,"{""123"": 29, ""142"": 3, ""16"": 5225, ""165"": 2965, ""183"": 17112, ""184"": 667, ""27"": 5, ""94"": 22}",0.45958082974393016,1.0,1,1,124.53588516746412,0.3441096074427724,153.0,207,0.17391304347826086,36,0.8484848484848485,207,0,4d32d276-88ef-401e-9008-00043c5c2433,209,0.7067190731915689,trash bin,trash bin,183,171,office0,picture,123,0.009708737864077669,0.5454545454545454,206,0.08264267513466042,0.009569377990430622,0.9808612440191388,0.05,0.7309941520467836,125
0.5165683963662445,0.7121212121212122,1,0.7121212121212122,1.0,final_members_only,1572,0.4696969696969697,0.0,0.8454198473282443,4,chair,240,True,True,"[{""gt_id"": 4, ""gt_label"": ""chair"", ""pred_fraction"": 0.8454198473282443, ""voxels"": 1329}, {""gt_id"": 58, ""gt_label"": ""table"", ""pred_fraction"": 0.80470737913486, ""voxels"": 1265}, {""gt_id"": 10, ""gt_label"": ""ceiling"", ""pred_fraction"": 0.510178117048346, ""voxels"": 802}, {""gt_id"": 8, ""gt_label"": ""wall"", ""pred_fraction"": 0.4548346055979644, ""voxels"": 715}, {""gt_id"": 51, ""gt_label"": ""wall"", ""pred_fraction"": 0.40903307888040713, ""voxels"": 643}, {""gt_id"": 61, ""gt_label"": ""chair"", ""pred_fraction"": 0.22900763358778625, ""voxels"": 360}, {""gt_id"": 9, ""gt_label"": ""sofa"", ""pred_fraction"": 0.16412213740458015, ""voxels"": 258}, {""gt_id"": 52, ""gt_label"": ""other-leaf"", ""pred_fraction"": 0.015903307888040712, ""voxels"": 25}, {""gt_id"": 64, ""gt_label"": ""tablet"", ""pred_fraction"": 0.013994910941475827, ""voxels"": 22}]",True,True,False,0.80470737913486,58,table,7,0.9885496183206107,1554,True,True,False,"{""114"": 238, ""123"": 21, ""125"": 1860, ""14"": 5668, ""159"": 127654, ""53"": 61262, ""58"": 2109}",0.436600691029506,1.0,1,2,126.470737913486,0.32954209336963,148.0,240,0.6125,147,0.696969696969697,240,1,f3bcde54-e766-4931-ae65-6c52d5db6d46,1572,0.6154682613599872,sofa chair,sofa chair,159,93,office0,couch,53,0.09578544061302682,0.6666666666666666,1566,0.21937551063063918,0.10178117048346055,0.8880407124681934,0.05,0.5161290322580645,48
0.2128972813646633,0.9090909090909091,1,0.5,1.0,final_members_only,209,0.4696969696969697,0.0,0.937799043062201,10,ceiling,307,True,True,"[{""gt_id"": 10, ""gt_label"": ""ceiling"", ""pred_fraction"": 0.937799043062201, ""voxels"": 196}, {""gt_id"": 4, ""gt_label"": ""chair"", ""pred_fraction"": 0.784688995215311, ""voxels"": 164}, {""gt_id"": 58, ""gt_label"": ""table"", ""pred_fraction"": 0.784688995215311, ""voxels"": 164}, {""gt_id"": 61, ""gt_label"": ""chair"", ""pred_fraction"": 0.6363636363636364, ""voxels"": 133}]",True,True,False,0.784688995215311,4,chair,4,0.9856459330143541,206,True,True,False,"{""120"": 15, ""123"": 16, ""125"": 167, ""132"": 39, ""142"": 672, ""16"": 10051, ""165"": 5519, ""183"": 15220, ""184"": 663, ""27"": 583, ""58"": 80, ""94"": 2026}",0.5831305455923999,1.0,1,2,167.70813397129186,0.5545466681521773,208.0,307,0.4560260586319218,140,0.8181818181818182,307,2,a66971cb-acd9-4720-9778-9505861322ca,209,0.6872412516060208,trash bin,trash bin,183,167,office0,bin,16,0.03365384615384615,0.9090909090909091,208,0.22352218593630138,0.05263157894736842,0.9186602870813397,0.05,0.49700598802395207,83
0.0,0.5757575757575758,1,0.19696969696969696,1.0,final_members_only,333,0.4696969696969697,0.0,0.0,,,225,False,False,[],False,False,False,0.0,,,0,0.0,0,False,True,False,"{""1"": 541, ""113"": 175, ""159"": 4707, ""164"": 1984, ""37"": 36281, ""58"": 53, ""77"": 14572}",0.5278599550468887,1.0,1,1,175.1141141141141,0.38169508895044973,197.0,225,0.5333333333333333,120,0.6060606060606061,225,3,d556506a-49aa-4a6e-8c3b-1cd841b4bdf4,333,0.5914293361841719,chair,chair,37,105,office0,sofa chair,159,0.0030120481927710845,0.5757575757575758,332,0.03720299948856723,0.003003003003003003,0.993993993993994,0.05,0.0,0
0.7709742858578941,0.9242424242424242,1,0.9242424242424242,1.0,final_members_only,1421,0.4696969696969697,0.0,0.741027445460943,4,chair,159,True,True,"[{""gt_id"": 4, ""gt_label"": ""chair"", ""pred_fraction"": 0.741027445460943, ""voxels"": 1053}, {""gt_id"": 24, ""gt_label"": ""wall"", ""pred_fraction"": 0.35467980295566504, ""voxels"": 504}, {""gt_id"": 66, ""gt_label"": ""tv-screen"", ""pred_fraction"": 0.32441942294159043, ""voxels"": 461}, {""gt_id"": 12, ""gt_label"": ""table"", ""pred_fraction"": 0.30823363828289935, ""voxels"": 438}, {""gt_id"": 30, ""gt_label"": ""anonymize_picture"", ""pred_fraction"": 0.21041520056298382, ""voxels"": 299}, {""gt_id"": 5, ""gt_label"": ""rug"", ""pred_fraction"": 0.18156228008444758, ""voxels"": 258}, {""gt_id"": 3, ""gt_label"": ""anonymize_picture"", ""pred_fraction"": 0.06685432793807178, ""voxels"": 95}, {""gt_id"": 57, ""gt_label"": ""clock"", ""pred_fraction"": 0.03237156931738212, ""voxels"": 46}, {""gt_id"": 11, ""gt_label"": ""camera"", ""pred_fraction"": 0.019000703729767768, ""voxels"": 27}, {""gt_id"": 25, ""gt_label"": ""wall-plug"", ""pred_fraction"": 0.014074595355383532, ""voxels"": 20}, {""gt_id"": 31, ""gt_label"": ""wall-plug"", ""pred_fraction"": 0.009852216748768473, ""voxels"": 14}, {""gt_id"": 45, ""gt_label"": ""wall-plug"", ""pred_fraction"": 0.00844475721323012, ""voxels"": 12}]",True,True,False,0.35467980295566504,24,wall,7,0.9859254046446164,1401,True,True,False,"{""108"": 1515, ""121"": 72, ""123"": 533, ""132"": 453, ""135"": 1036, ""136"": 1203, ""160"": 2258, ""187"": 104702, ""77"": 18}",0.15681546261237292,1.0,1,2,78.66995073891626,0.059835943420278835,86.0,159,0.8930817610062893,142,0.45454545454545453,159,4,9ee2b22c-1b4c-4162-ba8c-21a346dfaba6,1421,0.28723367606738764,tv,tv,187,17,office0,speaker,160,0.021567217828900073,0.48484848484848486,1391,0.08520538783016258,0.0211118930330753,0.971850809289233,0.05,1.0,17
0.6523978348230439,0.9696969696969697,3,0.8333333333333334,1.0,final_members_only,423,0.9696969696969697,0.01891252955082745,0.48936170212765956,51,wall,218,False,True,"[{""gt_id"": 51, ""gt_label"": ""wall"", ""pred_fraction"": 0.48936170212765956, ""voxels"": 207}]",False,False,False,0.0,,,1,0.48936170212765956,207,True,True,False,"{""109"": 141, ""117"": 16, ""119"": 12, ""128"": 393, ""159"": 519, ""165"": 9, ""172"": 5610, ""173"": 23, ""174"": 875, ""182"": 127, ""21"": 566, ""23"": 14, ""24"": 79, ""25"": 140, ""48"": 26767, ""53"": 288, ""56"": 64, ""60"": 15292, ""61"": 996, ""70"": 80, ""81"": 23, ""93"": 70}",0.43520978954364514,0.9810874704491725,2,4,123.177304964539,0.45480593445634704,158.0,218,0.7752293577981652,169,0.6666666666666666,218,5,6e93297f-d5b9-47be-b76d-dcbc7c95cea2,423,0.6076938957799232,coffee table,coffee table,48,49,office0,desk,60,0.021739130434782608,0.7575757575757576,414,0.42188144690473206,0.06855791962174941,0.8486997635933806,0.05,0.9183673469387755,45
0.1884390995209949,0.7878787878787878,1,0.4393939393939394,1.0,final_members_only,11,0.4696969696969697,0.0,1.0,10,ceiling,31,True,True,"[{""gt_id"": 10, ""gt_label"": ""ceiling"", ""pred_fraction"": 1.0, ""voxels"": 11}, {""gt_id"": 4, ""gt_label"": ""chair"", ""pred_fraction"": 0.7272727272727273, ""voxels"": 8}, {""gt_id"": 58, ""gt_label"": ""table"", ""pred_fraction"": 0.7272727272727273, ""voxels"": 8}, {""gt_id"": 61, ""gt_label"": ""chair"", ""pred_fraction"": 0.09090909090909091, ""voxels"": 1}]",True,True,False,0.7272727272727273,4,chair,3,1.0,11,True,True,False,"{""120"": 71, ""123"": 13, ""132"": 206, ""16"": 28, ""165"": 11, ""183"": 29, ""184"": 2, ""94"": 5}",0.6497553180355474,1.0,1,1,33.18181818181818,0.326018539743316,33.0,31,0.06451612903225806,2,1.0,31,6,9936e87a-c6b9-419e-9727-762ac54652c1,11,0.8238116333123173,power outlet,power outlet,132,29,office0,trash bin,183,0.09090909090909091,0.7878787878787878,11,0.43949698692151334,0.09090909090909091,0.9090909090909091,0.05,0.27586206896551724,8
0.3129962440896069,0.7575757575757576,1,0.6212121212121212,0.997779422649889,final_members_only,1348,0.4696969696969697,0.0,0.844559585492228,10,ceiling,150,True,True,"[{""gt_id"": 10, ""gt_label"": ""ceiling"", ""pred_fraction"": 0.844559585492228, ""voxels"": 1141}, {""gt_id"": 4, ""gt_label"": ""chair"", ""pred_fraction"": 0.6424870466321243, ""voxels"": 868}, {""gt_id"": 58, ""gt_label"": ""table"", ""pred_fraction"": 0.3153219837157661, ""voxels"": 426}, {""gt_id"": 21, ""gt_label"": ""lamp"", ""pred_fraction"": 0.12731310140636565, ""voxels"": 172}, {""gt_id"": 61, ""gt_label"": ""chair"", ""pred_fraction"": 0.11102886750555144, ""voxels"": 150}, {""gt_id"": 17, ""gt_label"": ""vent"", ""pred_fraction"": 0.0851221317542561, ""voxels"": 115}, {""gt_id"": 32, ""gt_label"": ""undefined"", ""pred_fraction"": 0.014803849000740192, ""voxels"": 20}, {""gt_id"": 14, ""gt_label"": ""undefined"", ""pred_fraction"": 0.0007401924500370096, ""voxels"": 1}]",True,True,False,0.6424870466321243,4,chair,6,0.9866765358993338,1333,True,True,False,"{""108"": 435, ""121"": 8, ""123"": 33, ""136"": 529, ""160"": 18, ""190"": 40, ""40"": 53892, ""42"": 40025, ""65"": 5761}",0.4205879994441362,1.0,1,1,74.73367952522256,0.45701374379553744,53.5,150,0.7333333333333333,110,0.5757575757575758,150,7,f9871d19-ba20-4689-b1c9-3637d885018c,1351,0.5786477719612787,closet door,closet door,40,40,office0,closet wall,42,0.002973977695167286,0.7575757575757576,1345,0.1094685132268769,0.022997032640949554,0.9703264094955489,0.05,0.9,36
0.0,0.9393939393939394,1,0.19696969696969696,1.0,final_members_only,350,0.4696969696969697,0.0,0.1657142857142857,35,panel,246,False,True,"[{""gt_id"": 35, ""gt_label"": ""panel"", ""pred_fraction"": 0.1657142857142857, ""voxels"": 58}, {""gt_id"": 50, ""gt_label"": ""switch"", ""pred_fraction"": 0.13428571428571429, ""voxels"": 47}, {""gt_id"": 46, ""gt_label"": ""undefined"", ""pred_fraction"": 0.10571428571428572, ""voxels"": 37}, {""gt_id"": 36, ""gt_label"": ""switch"", ""pred_fraction"": 0.054285714285714284, ""voxels"": 19}]",True,True,False,0.13428571428571429,50,switch,4,0.2571428571428571,90,True,True,False,"{""1"": 248, ""103"": 241, ""113"": 2086, ""114"": 2778, ""159"": 3673, ""164"": 3951, ""171"": 294, ""25"": 296, ""37"": 22948, ""58"": 67, ""77"": 17897}",0.6221931005710303,1.0,1,2,155.65428571428572,0.5655924178801376,175.0,246,0.9796747967479674,241,0.7575757575757576,246,8,9d5b4b06-4665-481a-953c-e71ecb925abd,350,0.6283395737741961,chair,chair,37,5,office0,folded chair,77,0.02005730659025788,0.9393939393939394,349,0.20661619953616717,0.05142857142857143,0.9342857142857143,0.05,1.0,5
0.7709742858578941,0.9242424242424242,1,0.9242424242424242,1.0,final_members_only,85,0.4696969696969697,0.0,0.8823529411764706,4,chair,66,True,True,"[{""gt_id"": 4, ""gt_label"": ""chair"", ""pred_fraction"": 0.8823529411764706, ""voxels"": 75}, {""gt_id"": 12, ""gt_label"": ""table"", ""pred_fraction"": 0.8823529411764706, ""voxels"": 75}, {""gt_id"": 66, ""gt_label"": ""tv-screen"", ""pred_fraction"": 0.47058823529411764, ""voxels"": 40}, {""gt_id"": 24, ""gt_label"": ""wall"", ""pred_fraction"": 0.3764705882352941, ""voxels"": 32}]",True,True,False,0.8823529411764706,12,table,4,1.0,85,True,True,False,"{""132"": 455, ""135"": 1055, ""160"": 2325, ""187"": 2991}",0.8638162184835966,1.0,1,2,80.30588235294118,0.48941184183556785,80.0,66,0.4696969696969697,31,0.9696969696969697,66,9,c4bd14d3-0681-4b6f-b5a6-0caddcae1b24,85,0.819164594835246,speaker,tv,187,35,office0,speaker,160,0.4,0.9090909090909091,85,0.7029575152461508,0.4,0.5764705882352941,0.05,0.7428571428571429,26
0.0,0.4696969696969697,1,0.19696969696969696,1.0,final_members_only,24,0.4696969696969697,0.0,1.0,4,chair,63,True,True,"[{""gt_id"": 4, ""gt_label"": ""chair"", ""pred_fraction"": 1.0, ""voxels"": 24}, {""gt_id"": 24, ""gt_label"": ""wall"", ""pred_fraction"": 0.8333333333333334, ""voxels"": 20}, {""gt_id"": 66, ""gt_label"": ""tv-screen"", ""pred_fraction"": 0.6666666666666666, ""voxels"": 16}]",True,True,False,0.8333333333333334,24,wall,3,1.0,24,True,True,False,"{""123"": 1335}",0.0,1.0,1,1,55.625,0.0,60.0,63,0.8571428571428571,54,0.19696969696969696,63,10,af03beed-1beb-4828-9bda-9eb99320065b,24,0.0,picture,picture,123,9,office0,,,0.0,0.12121212121212122,24,0.0,0.0,1.0,0.05,0.3333333333333333,3
0.1884390995209949,0.5454545454545454,1,0.4393939393939394,1.0,final_members_only,1562,0.4696969696969697,0.0,0.9443021766965429,4,chair,2,True,True,"[{""gt_id"": 4, ""gt_label"": ""chair"", ""pred_fraction"": 0.9443021766965429, ""voxels"": 1475}, {""gt_id"": 58, ""gt_label"": ""table"", ""pred_fraction"": 0.8079385403329066, ""voxels"": 1262}, {""gt_id"": 10, ""gt_label"": ""ceiling"", ""pred_fraction"": 0.7426376440460948, ""voxels"": 1160}, {""gt_id"": 14, ""gt_label"": ""undefined"", ""pred_fraction"": 0.2772087067861716, ""voxels"": 433}, {""gt_id"": 61, ""gt_label"": ""chair"", ""pred_fraction"": 0.11843790012804098, ""voxels"": 185}, {""gt_id"": 37, ""gt_label"": ""lamp"", ""pred_fraction"": 0.0793854033290653, ""voxels"": 124}, {""gt_id"": 21, ""gt_label"": ""lamp"", ""pred_fraction"": 0.030729833546734954, ""voxels"": 48}, {""gt_id"": 54, ""gt_label"": ""undefined"", ""pred_fraction"": 0.016005121638924456, ""voxels"": 25}, {""gt_id"": 48, ""gt_label"": ""undefined"", ""pred_fraction"": 0.015364916773367477, ""voxels"": 24}, {""gt_id"": 40, ""gt_label"": ""undefined"", ""pred_fraction"": 0.011523687580025609, ""voxels"": 18}, {""gt_id"": 55, ""gt_label"": ""undefined"", ""pred_fraction"": 0.010243277848911651, ""voxels"": 16}, {""gt_id"": 64, ""gt_label"": ""tablet"", ""pred_fraction"": 0.002560819462227913, ""voxels"": 4}]",True,True,False,0.8079385403329066,58,table,6,0.9974391805377721,1558,True,True,False,"{""114"": 6, ""120"": 71, ""123"": 2315, ""125"": 71, ""132"": 192, ""14"": 58, ""142"": 4, ""159"": 791, ""16"": 476, ""165"": 225, ""183"": 1326, ""184"": 71, ""27"": 8, ""40"": 936, ""42"": 704, ""53"": 258, ""58"": 84, ""65"": 77, ""94"": 46}",0.7336596838579755,1.0,1,2,4.941741357234315,0.041516179485409796,2.0,2,0.5,1,0.19696969696969696,2,11,a036bb7e-c379-40ec-9eda-f80c14c8ac52,1562,0.0,picture,picture,123,1,office0,trash bin,183,0.02746566791510612,0.5454545454545454,801,0.11346668450114497,0.015364916773367477,0.9558258642765685,0.05,1.0,1
0.8954008823360452,1.0,1,0.9848484848484849,1.0,final_members_only,195,0.4696969696969697,0.0,0.9692307692307692,5,rug,4,True,True,"[{""gt_id"": 5, ""gt_label"": ""rug"", ""pred_fraction"": 0.9692307692307692, ""voxels"": 189}]",False,False,False,0.0,,,1,0.9692307692307692,189,False,True,False,"{""1"": 168, ""127"": 39, ""131"": 6984, ""141"": 262, ""160"": 700, ""165"": 4093, ""183"": 3979, ""184"": 3534, ""25"": 711, ""27"": 180, ""29"": 192, ""45"": 171, ""51"": 180}",0.6976393154927112,1.0,1,1,108.68205128205128,0.6684739154182475,117.0,4,0.75,3,0.9393939393939394,4,12,6d8a2ab3-581c-4cfa-a26f-4d2ca2783e47,195,0.8112781244591328,storage bin,potted plant,131,1,office0,storage bin,165,0.005128205128205128,1.0,195,0.13632488991225192,0.020512820512820513,0.9641025641025641,0.05,0.0,0
0.0,0.7272727272727273,1,0.19696969696969696,1.0,final_members_only,458,0.4696969696969697,0.0,0.2903930131004367,0,unknown,135,False,True,"[{""gt_id"": 0, ""gt_label"": ""unknown"", ""pred_fraction"": 0.2903930131004367, ""voxels"": 133}, {""gt_id"": 63, ""gt_label"": ""floor"", ""pred_fraction"": 0.2096069868995633, ""voxels"": 96}, {""gt_id"": 5, ""gt_label"": ""rug"", ""pred_fraction"": 0.12445414847161572, ""voxels"": 57}, {""gt_id"": 24, ""gt_label"": ""wall"", ""pred_fraction"": 0.03275109170305677, ""voxels"": 15}]",True,True,False,0.2096069868995633,63,floor,3,0.4432314410480349,203,True,True,False,"{""1"": 661, ""109"": 58, ""159"": 1148, ""164"": 1638, ""170"": 15883, ""3"": 1091, ""37"": 887, ""58"": 2578}",0.5856762234429473,1.0,1,2,52.27947598253275,0.30412133014164244,40.5,135,0.8518518518518519,115,0.7878787878787878,135,13,f73e4700-c9c6-4021-a23a-8c32740fe8bc,458,0.6768644478198432,stuffed animal,stuffed animal,170,20,office0,cushion,58,0.15762273901808785,0.7272727272727273,387,0.40643292525359137,0.15502183406113537,0.8427947598253275,0.05,0.95,19
0.8954008823360452,0.9848484848484849,1,0.9848484848484849,1.0,final_members_only,1773,0.4696969696969697,0.0,0.6192893401015228,5,rug,174,True,True,"[{""gt_id"": 5, ""gt_label"": ""rug"", ""pred_fraction"": 0.6192893401015228, ""voxels"": 1098}, {""gt_id"": 44, ""gt_label"": ""desk-organizer"", ""pred_fraction"": 0.2092498589960519, ""voxels"": 371}]",True,True,False,0.2092498589960519,44,desk-organizer,2,0.6514382402707276,1155,True,True,False,"{""1"": 364, ""108"": 39, ""117"": 168, ""127"": 3894, ""131"": 41235, ""136"": 21, ""141"": 725, ""143"": 106, ""160"": 1204, ""165"": 8000, ""183"": 8145, ""184"": 7075, ""187"": 43, ""197"": 59, ""25"": 1395, ""27"": 378, ""29"": 187, ""40"": 47, ""42"": 24, ""45"": 322, ""51"": 377, ""65"": 11, ""76"": 4}",0.4925943499352176,1.0,1,1,41.637337845459676,0.2869920413142354,26.0,174,0.3505747126436782,61,0.7272727272727273,174,14,11c2cbf2-0f87-4e84-9e34-027c95bc0095,1773,0.6279087343635478,potted plant,potted plant,131,113,office0,range hood,141,0.0006341154090044388,0.5151515151515151,1577,0.1751645325821428,0.019740552735476594,0.9244218838127467,0.05,0.415929203539823,47
0.00022613014537177232,0.5757575757575758,1,0.3939393939393939,1.0,final_members_only,1990,0.4696969696969697,0.0,0.0,,,111,False,False,[],False,False,False,0.0,,,0,0.0,0,False,True,False,"{""108"": 1494, ""127"": 44, ""131"": 377, ""136"": 775, ""143"": 67840, ""154"": 548, ""187"": 1020, ""197"": 2165, ""40"": 4137, ""42"": 12470, ""45"": 86, ""65"": 401, ""76"": 15}",0.3775641039297199,1.0,1,2,45.915577889447235,0.25788312240661515,51.0,111,0.4144144144144144,46,0.6363636363636364,111,15,84ce19e7-54b7-4cde-a9d6-5b4de113ed8e,1990,0.5971802221400545,refrigerator,refrigerator,143,65,office0,closet door,40,0.03016359918200409,0.5757575757575758,1956,0.1746639656328123,0.04020100502512563,0.9271356783919598,0.05,0.0,0
0.0,0.4696969696969697,1,0.19696969696969696,1.0,final_members_only,78,0.4696969696969697,0.0,0.0,,,5,False,False,[],False,False,False,0.0,,,0,0.0,0,False,True,False,"{""131"": 327}",0.0,1.0,1,1,4.1923076923076925,0.0,4.0,5,0.2,1,0.19696969696969696,5,16,e6680a1b-b804-4601-8d51-8ff31b1c5255,78,0.0,potted plant,potted plant,131,4,office0,,,0.0,0.12121212121212122,75,0.0,0.0,1.0,0.05,0.0,0
0.0,0.4696969696969697,1,0.19696969696969696,1.0,final_members_only,22,0.4696969696969697,0.0,1.0,5,rug,31,True,True,"[{""gt_id"": 5, ""gt_label"": ""rug"", ""pred_fraction"": 1.0, ""voxels"": 22}, {""gt_id"": 0, ""gt_label"": ""unknown"", ""pred_fraction"": 0.9090909090909091, ""voxels"": 20}]",True,True,False,0.9090909090909091,0,unknown,2,1.0,22,False,True,False,"{""132"": 613, ""21"": 21}",0.20981965076905548,1.0,1,1,28.818181818181817,0.03348877185282713,31.0,31,0.06451612903225806,2,0.42424242424242425,31,17,ba978909-8c9f-40bf-a313-897fe724a871,22,0.20559250818508307,power outlet,power outlet,132,29,office0,,,0.0,0.18181818181818182,21,0.0,0.0,1.0,0.05,0.034482758620689655,1
0.0,0.4696969696969697,1,0.19696969696969696,1.0,final_members_only,176,0.4696969696969697,0.0,0.8806818181818182,4,chair,47,True,True,"[{""gt_id"": 4, ""gt_label"": ""chair"", ""pred_fraction"": 0.8806818181818182, ""voxels"": 155}, {""gt_id"": 24, ""gt_label"": ""wall"", ""pred_fraction"": 0.75, ""voxels"": 132}, {""gt_id"": 5, ""gt_label"": ""rug"", ""pred_fraction"": 0.005681818181818182, ""voxels"": 1}, {""gt_id"": 61, ""gt_label"": ""chair"", ""pred_fraction"": 0.005681818181818182, ""voxels"": 1}]",True,True,False,0.75,24,wall,2,0.9602272727272727,169,False,True,False,"{""103"": 5862, ""164"": 42, ""165"": 202, ""20"": 312, ""21"": 151, ""25"": 293}",0.35088075889554393,1.0,1,1,38.98863636363637,0.14144338517707572,45.0,47,0.9361702127659575,44,0.48484848484848486,47,18,2179aae3-5b9e-4a14-876d-412607185a6c,176,0.40277953313713716,mat,mat,103,3,office0,stool,164,0.0,0.3333333333333333,173,0.050556933576743124,0.005681818181818182,0.9943181818181818,0.05,0.0,0
0.0,0.4696969696969697,1,0.19696969696969696,1.0,final_members_only,49,0.4696969696969697,0.0,0.673469387755102,4,chair,1,True,True,"[{""gt_id"": 4, ""gt_label"": ""chair"", ""pred_fraction"": 0.673469387755102, ""voxels"": 33}, {""gt_id"": 5, ""gt_label"": ""rug"", ""pred_fraction"": 0.02040816326530612, ""voxels"": 1}]",False,False,False,0.02040816326530612,5,rug,1,0.673469387755102,33,True,False,False,"{""131"": 49}",0.0,1.0,1,0,1.0,0.0,1.0,1,0.0,0,0.19696969696969696,1,19,e001d156-eb97-421e-b8db-840ae462d701,49,0.0,potted plant,potted plant,131,1,office0,,,0.0,0.12121212121212122,0,0.0,0.0,1.0,0.05,1.0,1
0.7595417907316206,0.8787878787878788,1,0.8787878787878788,1.0,final_members_only,963,0.4696969696969697,0.0,0.7165109034267912,5,rug,5,True,True,"[{""gt_id"": 5, ""gt_label"": ""rug"", ""pred_fraction"": 0.7165109034267912, ""voxels"": 690}, {""gt_id"": 44, ""gt_label"": ""desk-organizer"", ""pred_fraction"": 0.4569055036344756, ""voxels"": 440}, {""gt_id"": 0, ""gt_label"": ""unknown"", ""pred_fraction"": 0.004153686396677051, ""voxels"": 4}]",True,True,False,0.4569055036344756,44,desk-organizer,2,0.7673935617860852,739,True,True,False,"{""1"": 5, ""108"": 19, ""117"": 93, ""127"": 2374, ""131"": 19701, ""136"": 10, ""141"": 45, ""143"": 53, ""160"": 20, ""165"": 146, ""183"": 154, ""184"": 121, ""187"": 20, ""197"": 28, ""25"": 26, ""27"": 9, ""29"": 4, ""40"": 24, ""42"": 12, ""45"": 15, ""51"": 7, ""65"": 5}",0.1846106802317975,1.0,1,1,23.770508826583594,0.12731945949850595,9.0,5,0.4,2,0.19696969696969696,5,20,c24d74d6-16cb-4111-b207-79e4c653454b,963,0.0,potted plant,potted plant,131,3,office0,plant,127,0.0012658227848101266,0.30303030303030304,790,0.02100184486807532,0.0020768431983385254,0.9968847352024922,0.05,1.0,3
0.5165683963662445,0.9393939393939394,2,0.7121212121212122,1.0,final_members_only,2477,0.9393939393939394,0.0004037141703673308,0.6955995155429956,58,table,272,True,True,"[{""gt_id"": 58, ""gt_label"": ""table"", ""pred_fraction"": 0.6955995155429956, ""voxels"": 1723}, {""gt_id"": 9, ""gt_label"": ""sofa"", ""pred_fraction"": 0.3027856277755349, ""voxels"": 750}, {""gt_id"": 51, ""gt_label"": ""wall"", ""pred_fraction"": 0.28582963262010497, ""voxels"": 708}, {""gt_id"": 8, ""gt_label"": ""wall"", ""pred_fraction"": 0.27815906338312474, ""voxels"": 689}, {""gt_id"": 7, ""gt_label"": ""sofa"", ""pred_fraction"": 0.26039563988696, ""voxels"": 645}, {""gt_id"": 4, ""gt_label"": ""chair"", ""pred_fraction"": 0.23173193379087606, ""voxels"": 574}, {""gt_id"": 0, ""gt_label"": ""unknown"", ""pred_fraction"": 0.14816310052482842, ""voxels"": 367}, {""gt_id"": 10, ""gt_label"": ""ceiling"", ""pred_fraction"": 0.1425111021396851, ""voxels"": 353}, {""gt_id"": 61, ""gt_label"": ""chair"", ""pred_fraction"": 0.04481227291077917, ""voxels"": 111}, {""gt_id"": 52, ""gt_label"": ""other-leaf"", ""pred_fraction"": 0.0012111425111021397, ""voxels"": 3}]",True,True,False,0.3027856277755349,9,sofa,8,0.7698829228905935,1907,True,True,False,"{""114"": 443, ""123"": 3, ""125"": 3188, ""14"": 2757, ""159"": 128289, ""165"": 3366, ""198"": 8, ""53"": 103817, ""58"": 1114, ""76"": 10}",0.39285894185297343,0.9995962858296327,1,2,98.10052482842148,0.39162168364975314,98.0,272,0.8125,221,0.5454545454545454,272,21,988a8dab-de7d-42db-9fd2-c902bd5b5ffe,2477,0.5738608334341295,sofa chair,sofa chair,159,51,office0,couch,53,0.37682926829268293,0.8181818181818182,2460,0.40083283491628735,0.3835284618490109,0.6083972547436415,0.05,0.9607843137254902,49
0.0,1.0,1,0.19696969696969696,1.0,final_members_only,8,0.4696969696969697,0.0,0.0,,,1,False,False,[],False,False,False,0.0,,,0,0.0,0,False,False,False,"{""132"": 8, ""76"": 3}",0.8453509366224364,1.0,1,1,1.375,0.5,1.0,1,0.0,0,0.19696969696969696,1,22,8f4d542e-9aa7-42bc-b18a-e1eae2ddc61b,8,0.0,power outlet,power outlet,132,1,office0,floor,76,1.0,1.0,3,0.954434002924965,0.375,0.625,0.05,0.0,0
0.6473178682148522,0.7727272727272727,1,0.7727272727272727,1.0,final_members_only,200,0.4696969696969697,0.0,0.0,,,13,False,False,[],False,False,False,0.0,,,0,0.0,0,False,False,False,"{""117"": 1411, ""182"": 647, ""198"": 134, ""57"": 154}",0.7237453207933997,1.0,1,1,11.73,0.3896951121440917,13.0,13,0.0,0,0.8787878787878788,13,23,3c112d35-f177-4fae-8fde-d983c93e0169,200,0.7816596645276669,paper bag,paper bag,117,13,office0,curtain,57,0.00510204081632653,0.6060606060606061,196,0.11236071009937676,0.015,0.985,0.05,0.0,0
0.0,0.4696969696969697,1,0.19696969696969696,1.0,final_members_only,88,0.4696969696969697,0.0,0.0,,,139,False,False,[],False,False,False,0.0,,,0,0.0,0,False,True,False,"{""132"": 3578, ""133"": 43, ""81"": 86}",0.157651047292414,1.0,1,1,42.125,0.025500341276849886,47.5,139,0.07194244604316546,10,0.3939393939393939,139,24,61c35cbf-d0bc-4623-adc6-434dd0159dc7,88,0.10729374739089234,power outlet,power outlet,132,129,office0,,,0.0,0.15151515151515152,84,0.0,0.0,1.0,0.05,0.0,0
0.28914595866275355,0.8484848484848485,1,0.5757575757575758,1.0,final_members_only,197,0.4696969696969697,0.0,0.0,,,178,False,False,[],False,False,False,0.0,,,0,0.0,0,False,True,False,"{""109"": 46, ""117"": 83, ""119"": 35, ""128"": 143, ""157"": 72, ""159"": 35, ""165"": 28, ""172"": 166, ""173"": 7, ""174"": 4749, ""182"": 99, ""21"": 344, ""23"": 96, ""24"": 37, ""25"": 560, ""48"": 1607, ""53"": 18, ""56"": 335, ""60"": 1031, ""61"": 113, ""70"": 27, ""81"": 92, ""93"": 67}",0.5888747897495625,1.0,1,4,49.69543147208122,0.3409798786295346,47.0,178,0.6292134831460674,112,0.5151515151515151,178,25,e67ecfce-00ab-4f41-97e2-ab363fefea89,197,0.5145973968976544,tissue box,tissue box,174,66,office0,coffee table,48,0.1218274111675127,0.8484848484848485,197,0.539334657057083,0.15736040609137056,0.7106598984771574,0.05,0.0,0
0.0,0.0,2,0.0,1.0,final_members_only,1472,0.0,0.0006793478260869179,0.23980978260869565,0,unknown,1,False,False,"[{""gt_id"": 0, ""gt_label"": ""unknown"", ""pred_fraction"": 0.23980978260869565, ""voxels"": 353}, {""gt_id"": 51, ""gt_label"": ""wall"", ""pred_fraction"": 0.07948369565217392, ""voxels"": 117}, {""gt_id"": 7, ""gt_label"": ""sofa"", ""pred_fraction"": 0.06929347826086957, ""voxels"": 102}, {""gt_id"": 34, ""gt_label"": ""bin"", ""pred_fraction"": 0.03736413043478261, ""voxels"": 55}, {""gt_id"": 5, ""gt_label"": ""rug"", ""pred_fraction"": 0.028532608695652172, ""voxels"": 42}, {""gt_id"": 19, ""gt_label"": ""bin"", ""pred_fraction"": 0.016304347826086956, ""voxels"": 24}, {""gt_id"": 16, ""gt_label"": ""door"", ""pred_fraction"": 0.0006793478260869565, ""voxels"": 1}, {""gt_id"": 18, ""gt_label"": ""wall"", ""pred_fraction"": 0.0006793478260869565, ""voxels"": 1}]",True,True,False,0.07948369565217392,51,wall,3,0.31453804347826086,463,False,True,True,"{""1"": 4, ""131"": 100, ""132"": 4, ""141"": 8, ""143"": 3, ""159"": 33, ""160"": 16, ""165"": 89, ""183"": 87, ""184"": 79, ""187"": 6, ""197"": 1, ""25"": 15, ""27"": 4, ""45"": 19, ""51"": 4, ""53"": 12, ""76"": 1472}",0.38096489072833895,0.9993206521739131,1,4,1.328804347826087,0.5377548325043001,1.0,1,1.0,1,0.0,1,26,c44b15ff-cf3e-4743-b38f-86a680ec9beb,1472,0.0,floor,floor,76,0,office0,coat rack,45,0.42424242424242425,0.0,33,0.06112890027821103,0.009510869565217392,0.9809782608695652,0.05,0.0,0
0.6523978348230439,1.0,2,0.8333333333333334,1.0,final_members_only,60,1.0,0.1166666666666667,0.0,,,60,False,False,[],False,False,False,0.0,,,0,0.0,0,False,True,False,"{""109"": 241, ""117"": 7, ""128"": 666, ""157"": 1, ""159"": 2, ""172"": 76, ""173"": 38, ""174"": 178, ""182"": 205, ""21"": 962, ""23"": 17, ""24"": 138, ""25"": 18, ""48"": 1092, ""53"": 5, ""56"": 46, ""60"": 730, ""61"": 130, ""70"": 22, ""81"": 8, ""93"": 111}",0.7181849741098756,0.8833333333333333,2,3,78.21666666666667,0.5889273613577879,60.5,60,0.3,18,0.9090909090909091,60,27,34cc3c17-2b1c-4c4d-b9e5-fd551e206815,60,0.7928348615612854,book,book,21,42,office0,coffee table,48,0.31666666666666665,0.9696969696969697,60,0.7167754611097866,0.31666666666666665,0.5166666666666667,0.05,0.0,0
0.6473178682148522,0.9393939393939394,1,0.7727272727272727,1.0,final_members_only,1458,0.4696969696969697,0.0,0.5384087791495199,58,table,1,True,True,"[{""gt_id"": 58, ""gt_label"": ""table"", ""pred_fraction"": 0.5384087791495199, ""voxels"": 785}, {""gt_id"": 9, ""gt_label"": ""sofa"", ""pred_fraction"": 0.5013717421124828, ""voxels"": 731}, {""gt_id"": 0, ""gt_label"": ""unknown"", ""pred_fraction"": 0.18998628257887518, ""voxels"": 277}, {""gt_id"": 8, ""gt_label"": ""wall"", ""pred_fraction"": 0.12071330589849108, ""voxels"": 176}, {""gt_id"": 7, ""gt_label"": ""sofa"", ""pred_fraction"": 0.01646090534979424, ""voxels"": 24}]",True,True,False,0.5013717421124828,9,sofa,4,0.5438957475994513,793,False,True,False,"{""117"": 1037, ""125"": 18, ""159"": 205, ""182"": 470, ""198"": 1458, ""53"": 279, ""57"": 114, ""58"": 5}",0.7207130898278783,1.0,1,2,2.459533607681756,0.40401149509386713,1.0,1,1.0,1,0.19696969696969696,1,28,803f469d-7639-4541-a1d9-e7b503dfdda3,1458,0.0,window,window,198,0,office0,paper bag,117,0.9246575342465754,0.9393939393939394,146,0.2556770712273706,0.09259259259259259,0.8998628257887518,0.05,0.0,0
0.0,0.9848484848484849,1,0.19696969696969696,1.0,final_members_only,3,0.4696969696969697,0.0,1.0,0,unknown,1,False,True,"[{""gt_id"": 0, ""gt_label"": ""unknown"", ""pred_fraction"": 1.0, ""voxels"": 3}, {""gt_id"": 7, ""gt_label"": ""sofa"", ""pred_fraction"": 1.0, ""voxels"": 3}]",True,True,False,1.0,7,sofa,2,1.0,3,True,False,False,"{""132"": 3, ""76"": 1}",0.8112781244591328,1.0,1,0,1.3333333333333333,0.5,1.0,1,0.0,0,0.19696969696969696,1,29,7ac0a668-0ac4-4a1a-a488-4226a928e0f6,3,0.0,power outlet,power outlet,132,1,office0,floor,76,1.0,0.9848484848484849,1,0.9182958340544894,0.3333333333333333,0.6666666666666666,0.05,1.0,1
0.22822397893534355,0.9090909090909091,1,0.5454545454545454,1.0,final_members_only,103,0.4696969696969697,0.0,0.9805825242718447,10,ceiling,1,True,True,"[{""gt_id"": 10, ""gt_label"": ""ceiling"", ""pred_fraction"": 0.9805825242718447, ""voxels"": 101}, {""gt_id"": 4, ""gt_label"": ""chair"", ""pred_fraction"": 0.9320388349514563, ""voxels"": 96}, {""gt_id"": 24, ""gt_label"": ""wall"", ""pred_fraction"": 0.5145631067961165, ""voxels"": 53}]",True,True,False,0.9320388349514563,4,chair,3,0.9902912621359223,102,True,False,False,"{""108"": 10, ""121"": 103, ""136"": 12, ""40"": 231, ""42"": 170, ""65"": 17}",0.730435959352396,1.0,1,1,5.271844660194175,0.48669470649488433,1.0,1,0.0,0,0.19696969696969696,1,30,e3f817bd-6d7a-4e13-abe0-077769bee533,103,0.0,person,person,121,1,office0,closet door,40,0.6666666666666666,0.9090909090909091,6,0.3204682874115841,0.05825242718446602,0.941747572815534,0.05,1.0,1
0.49753596309214826,0.8787878787878788,1,0.6666666666666666,1.0,final_members_only,95,0.4696969696969697,0.0,1.0,8,wall,1,False,True,"[{""gt_id"": 8, ""gt_label"": ""wall"", ""pred_fraction"": 1.0, ""voxels"": 95}, {""gt_id"": 9, ""gt_label"": ""sofa"", ""pred_fraction"": 1.0, ""voxels"": 95}, {""gt_id"": 58, ""gt_label"": ""table"", ""pred_fraction"": 0.9578947368421052, ""voxels"": 91}, {""gt_id"": 4, ""gt_label"": ""chair"", ""pred_fraction"": 0.9157894736842105, ""voxels"": 87}]",True,True,False,1.0,9,sofa,4,1.0,95,True,False,False,"{""125"": 95, ""14"": 1, ""159"": 223, ""53"": 181}",0.7616830762953153,1.0,1,1,5.2631578947368425,0.45082599873881185,1.0,1,0.0,0,0.19696969696969696,1,31,1bbcdac1-983a-480e-b589-d152c490f1b6,95,0.0,pillow,pillow,125,1,office0,sofa chair,159,0.5294117647058824,0.8787878787878788,17,0.48849313631394436,0.10526315789473684,0.8421052631578947,0.05,1.0,1
0.0,0.4696969696969697,1,0.19696969696969696,1.0,final_members_only,24,0.4696969696969697,0.0,1.0,8,wall,1,False,True,"[{""gt_id"": 8, ""gt_label"": ""wall"", ""pred_fraction"": 1.0, ""voxels"": 24}, {""gt_id"": 9, ""gt_label"": ""sofa"", ""pred_fraction"": 1.0, ""voxels"": 24}, {""gt_id"": 58, ""gt_label"": ""table"", ""pred_fraction"": 1.0, ""voxels"": 24}, {""gt_id"": 4, ""gt_label"": ""chair"", ""pred_fraction"": 0.7083333333333334, ""voxels"": 17}]",True,True,False,1.0,9,sofa,4,1.0,24,True,False,False,"{""121"": 24}",0.0,1.0,1,0,1.0,0.0,1.0,1,0.0,0,0.19696969696969696,1,32,6e4f99d8-9896-4130-9f1d-aaee29602711,24,0.0,person,person,121,1,office0,,,0.0,0.12121212121212122,0,0.0,0.0,1.0,0.05,1.0,1
0.3129962440896069,0.8787878787878788,1,0.6212121212121212,1.0,final_members_only,53,0.4696969696969697,0.0,1.0,17,vent,2,False,True,"[{""gt_id"": 17, ""gt_label"": ""vent"", ""pred_fraction"": 1.0, ""voxels"": 53}, {""gt_id"": 10, ""gt_label"": ""ceiling"", ""pred_fraction"": 0.37735849056603776, ""voxels"": 20}, {""gt_id"": 24, ""gt_label"": ""wall"", ""pred_fraction"": 0.05660377358490566, ""voxels"": 3}]",True,True,False,0.37735849056603776,10,ceiling,3,1.0,53,False,False,False,"{""160"": 103, ""40"": 190, ""42"": 155, ""65"": 28}",0.8871280617822581,1.0,1,2,8.981132075471699,0.09266300380815114,2.0,2,0.0,0,0.19696969696969696,2,33,27c1ef8d-1a29-4f39-88a8-cdd6b7fe46d7,53,0.0,speaker,speaker,160,2,office0,closet door,40,0.18,0.8787878787878788,50,0.6572729784684465,0.16981132075471697,0.8301886792452831,0.05,0.0,0
0.0,0.0,1,0.0,1.0,final_members_only,2309,0.0,0.0,0.4196621914248592,10,ceiling,8,False,False,"[{""gt_id"": 10, ""gt_label"": ""ceiling"", ""pred_fraction"": 0.4196621914248592, ""voxels"": 969}, {""gt_id"": 24, ""gt_label"": ""wall"", ""pred_fraction"": 0.31225638804677347, ""voxels"": 721}, {""gt_id"": 8, ""gt_label"": ""wall"", ""pred_fraction"": 0.16414032048505847, ""voxels"": 379}, {""gt_id"": 26, ""gt_label"": ""wall"", ""pred_fraction"": 0.09917713295799047, ""voxels"": 229}, {""gt_id"": 20, ""gt_label"": ""blinds"", ""pred_fraction"": 0.07449112169770464, ""voxels"": 172}, {""gt_id"": 22, ""gt_label"": ""indoor-plant"", ""pred_fraction"": 0.03984408834993504, ""voxels"": 92}, {""gt_id"": 42, ""gt_label"": ""undefined"", ""pred_fraction"": 0.035080121264616716, ""voxels"": 81}, {""gt_id"": 23, ""gt_label"": ""plant-stand"", ""pred_fraction"": 0.006929406669553919, ""voxels"": 16}, {""gt_id"": 56, ""gt_label"": ""pillar"", ""pred_fraction"": 0.00519705500216544, ""voxels"": 12}, {""gt_id"": 66, ""gt_label"": ""tv-screen"", ""pred_fraction"": 0.0038977912516240795, ""voxels"": 9}, {""gt_id"": 4, ""gt_label"": ""chair"", ""pred_fraction"": 0.0021654395842356, ""voxels"": 5}]",True,True,False,0.31225638804677347,24,wall,5,0.9943698570809875,2296,False,True,True,"{""35"": 9098}",0.0,1.0,1,1,3.9402338674750976,0.0,4.0,8,1.0,8,0.0,8,34,92508605-eca4-4363-84b6-6708d19e094a,2309,0.0,ceiling,ceiling,35,0,office0,,,0.0,0.0,2128,0.0,0.0,1.0,0.05,0.0,0
